structure_id,set_id,group,theme,terrain_adaptation,structure_type,source
explorify:guide_post_cold,explorify:guide_posts,deco,deco,none,minecraft:jigsaw,Explorify v1.6.5.mod.jar
explorify:guide_post_warm,explorify:guide_posts,deco,deco,none,minecraft:jigsaw,Explorify v1.6.5.mod.jar
explorify:ruins,explorify:ruins,deco,deco,beard_thin,minecraft:jigsaw,Explorify v1.6.5.mod.jar
mes:astral_meteorite,mes:astral_meteorite,deco,deco,beard_thin,moogs_structures:moogs_structures_generic_jigsaw_structure,MoogsEndStructures-1.21-2.0.3.jar
mes:enderbloom_grove,mes:enderbloom_grove,deco,deco,beard_thin,moogs_structures:moogs_structures_generic_jigsaw_structure,MoogsEndStructures-1.21-2.0.3.jar
mes:enderpin_spikes,mes:enderpin_spikes,deco,deco,none,moogs_structures:moogs_structures_generic_jigsaw_structure,MoogsEndStructures-1.21-2.0.3.jar
mes:enderskog,mes:enderskog,deco,deco,beard_thin,moogs_structures:moogs_structures_generic_jigsaw_structure,MoogsEndStructures-1.21-2.0.3.jar
mes:endscraps,mes:endscraps,deco,deco,beard_thin,moogs_structures:moogs_structures_generic_jigsaw_structure,MoogsEndStructures-1.21-2.0.3.jar
mes:mythic_garden,mes:mythic_garden,deco,deco,beard_thin,moogs_structures:moogs_structures_generic_jigsaw_structure,MoogsEndStructures-1.21-2.0.3.jar
mes:placid_prairie,mes:placid_prairie,deco,deco,none,moogs_structures:moogs_structures_generic_jigsaw_structure,MoogsEndStructures-1.21-2.0.3.jar
mes:ruined_pillar,mes:ruined_pillar,deco,deco,beard_thin,moogs_structures:moogs_structures_generic_jigsaw_structure,MoogsEndStructures-1.21-2.0.3.jar
mns:circle_blackstone,mns:circle_blackstone,deco,deco,beard_thin,moogs_structures:moogs_structures_generic_nether_jigsaw_structure,MoogsNetherStructures-1.21-3.0.0.jar
mns:circle_nether_brick,mns:circle_nether_brick,deco,deco,beard_thin,moogs_structures:moogs_structures_generic_nether_jigsaw_structure,MoogsNetherStructures-1.21-3.0.0.jar
mns:crimson_lava_well,mns:crimson_lava_well,deco,deco,beard_thin,moogs_structures:moogs_structures_generic_nether_jigsaw_structure,MoogsNetherStructures-1.21-3.0.0.jar
mns:giant_skull,mns:giant_skull,deco,deco,beard_thin,moogs_structures:moogs_structures_generic_nether_jigsaw_structure,MoogsNetherStructures-1.21-3.0.0.jar
mns:large_blackstone_pillars,mns:large_blackstone_pillars,deco,deco,beard_thin,moogs_structures:moogs_structures_generic_nether_jigsaw_structure,MoogsNetherStructures-1.21-3.0.0.jar
mns:large_blackstone_walls,mns:large_blackstone_walls,deco,deco,beard_thin,moogs_structures:moogs_structures_generic_nether_jigsaw_structure,MoogsNetherStructures-1.21-3.0.0.jar
mns:large_nether_brick,mns:large_nether_brick,deco,deco,beard_thin,moogs_structures:moogs_structures_generic_nether_jigsaw_structure,MoogsNetherStructures-1.21-3.0.0.jar
mns:lava_pool,mns:lava_pool,deco,deco,beard_thin,moogs_structures:moogs_structures_generic_nether_jigsaw_structure,MoogsNetherStructures-1.21-3.0.0.jar
mns:leafy_rubble,mns:leafy_rubble,deco,deco,beard_thin,moogs_structures:moogs_structures_generic_nether_jigsaw_structure,MoogsNetherStructures-1.21-3.0.0.jar
mns:medium_blackstone,mns:medium_blackstone,deco,deco,beard_thin,moogs_structures:moogs_structures_generic_nether_jigsaw_structure,MoogsNetherStructures-1.21-3.0.0.jar
mns:medium_crimson_fungus,mns:medium_crimson_fungus,deco,deco,beard_thin,moogs_structures:moogs_structures_generic_nether_jigsaw_structure,MoogsNetherStructures-1.21-3.0.0.jar
mns:medium_crimson_fungus_2,mns:medium_crimson_fungus,deco,deco,beard_thin,moogs_structures:moogs_structures_generic_nether_jigsaw_structure,MoogsNetherStructures-1.21-3.0.0.jar
mns:medium_crimson_well,mns:medium_crimson_well,deco,deco,beard_thin,moogs_structures:moogs_structures_generic_nether_jigsaw_structure,MoogsNetherStructures-1.21-3.0.0.jar
mns:medium_warped_fungus,mns:medium_warped_fungus,deco,deco,beard_thin,moogs_structures:moogs_structures_generic_nether_jigsaw_structure,MoogsNetherStructures-1.21-3.0.0.jar
mns:medium_warped_fungus_2,mns:medium_warped_fungus,deco,deco,beard_thin,moogs_structures:moogs_structures_generic_nether_jigsaw_structure,MoogsNetherStructures-1.21-3.0.0.jar
mns:medium_warped_well,mns:medium_warped_well,deco,deco,beard_thin,moogs_structures:moogs_structures_generic_nether_jigsaw_structure,MoogsNetherStructures-1.21-3.0.0.jar
mns:ruined_portal,mns:ruined_portal,deco,deco,beard_thin,moogs_structures:moogs_structures_generic_nether_jigsaw_structure,MoogsNetherStructures-1.21-3.0.0.jar
mns:sandy_skull,mns:sandy_skull,deco,deco,beard_thin,moogs_structures:moogs_structures_generic_nether_jigsaw_structure,MoogsNetherStructures-1.21-3.0.0.jar
mns:small_nether_brick,mns:small_nether_brick,deco,deco,beard_thin,moogs_structures:moogs_structures_generic_nether_jigsaw_structure,MoogsNetherStructures-1.21-3.0.0.jar
mns:soul_fire,mns:soul_fire,deco,deco,beard_thin,moogs_structures:moogs_structures_generic_nether_jigsaw_structure,MoogsNetherStructures-1.21-3.0.0.jar
mns:very_small_blackstone,mns:very_small_blackstone,deco,deco,beard_thin,moogs_structures:moogs_structures_generic_nether_jigsaw_structure,MoogsNetherStructures-1.21-3.0.0.jar
mns:very_small_blackstone_2,mns:very_small_blackstone,deco,deco,beard_thin,moogs_structures:moogs_structures_generic_nether_jigsaw_structure,MoogsNetherStructures-1.21-3.0.0.jar
mns:very_small_blackstone_3,mns:very_small_blackstone,deco,deco,beard_thin,moogs_structures:moogs_structures_generic_nether_jigsaw_structure,MoogsNetherStructures-1.21-3.0.0.jar
mns:very_small_blackstone_4,mns:very_small_blackstone,deco,deco,beard_thin,moogs_structures:moogs_structures_generic_nether_jigsaw_structure,MoogsNetherStructures-1.21-3.0.0.jar
mns:very_small_nether_brick,mns:very_small_nether_brick,deco,deco,beard_thin,moogs_structures:moogs_structures_generic_nether_jigsaw_structure,MoogsNetherStructures-1.21-3.0.0.jar
mns:very_small_nether_brick_2,mns:very_small_nether_brick,deco,deco,beard_thin,moogs_structures:moogs_structures_generic_nether_jigsaw_structure,MoogsNetherStructures-1.21-3.0.0.jar
mns:very_small_nether_brick_3,mns:very_small_nether_brick,deco,deco,beard_thin,moogs_structures:moogs_structures_generic_nether_jigsaw_structure,MoogsNetherStructures-1.21-3.0.0.jar
mns:warped_dome,mns:warped_dome,deco,deco,beard_thin,moogs_structures:moogs_structures_generic_nether_jigsaw_structure,MoogsNetherStructures-1.21-3.0.0.jar
mns:warped_pool,mns:warped_pool,deco,deco,beard_thin,moogs_structures:moogs_structures_generic_nether_jigsaw_structure,MoogsNetherStructures-1.21-3.0.0.jar
mss:birch_river,mss:birch_river,deco,deco,none,moogs_structures:moogs_structures_generic_jigsaw_structure,MoogsSoaringStructures-1.21-2.1.2.jar
mss:cherry_river,mss:cherry_river,deco,deco,none,moogs_structures:moogs_structures_generic_jigsaw_structure,MoogsSoaringStructures-1.21-2.1.2.jar
mss:desert_well,mss:desert_well,deco,deco,none,moogs_structures:moogs_structures_generic_jigsaw_structure,MoogsSoaringStructures-1.21-2.1.2.jar
mss:frozen_pond,mss:frozen_pond,deco,deco,none,moogs_structures:moogs_structures_generic_jigsaw_structure,MoogsSoaringStructures-1.21-2.1.2.jar
mss:jungle,mss:jungle,deco,deco,none,moogs_structures:moogs_structures_generic_jigsaw_structure,MoogsSoaringStructures-1.21-2.1.2.jar
mss:leaf_hollow,mss:leaf_hollow,deco,deco,none,moogs_structures:moogs_structures_generic_jigsaw_structure,MoogsSoaringStructures-1.21-2.1.2.jar
mss:mangrove,mss:mangrove,deco,deco,none,moogs_structures:moogs_structures_generic_jigsaw_structure,MoogsSoaringStructures-1.21-2.1.2.jar
mss:muddy_water_hole,mss:muddy_water_hole,deco,deco,none,moogs_structures:moogs_structures_generic_jigsaw_structure,MoogsSoaringStructures-1.21-2.1.2.jar
mss:mushroom,mss:mushroom,deco,deco,none,moogs_structures:moogs_structures_generic_jigsaw_structure,MoogsSoaringStructures-1.21-2.1.2.jar
mss:palm_island,mss:palm_island,deco,deco,none,moogs_structures:moogs_structures_generic_jigsaw_structure,MoogsSoaringStructures-1.21-2.1.2.jar
mss:red_sand,mss:red_sand,deco,deco,none,moogs_structures:moogs_structures_generic_jigsaw_structure,MoogsSoaringStructures-1.21-2.1.2.jar
mss:small_pond,mss:small_pond,deco,deco,none,moogs_structures:moogs_structures_generic_jigsaw_structure,MoogsSoaringStructures-1.21-2.1.2.jar
mss:taiga,mss:taiga,deco,deco,none,moogs_structures:moogs_structures_generic_jigsaw_structure,MoogsSoaringStructures-1.21-2.1.2.jar
mss:tree_1,mss:tree_1,deco,deco,none,moogs_structures:moogs_structures_generic_jigsaw_structure,MoogsSoaringStructures-1.21-2.1.2.jar
mss:tree_2,mss:tree_2,deco,deco,none,moogs_structures:moogs_structures_generic_jigsaw_structure,MoogsSoaringStructures-1.21-2.1.2.jar
mss:tree_3,mss:tree_3,deco,deco,none,moogs_structures:moogs_structures_generic_jigsaw_structure,MoogsSoaringStructures-1.21-2.1.2.jar
mss:tree_4,mss:tree_4,deco,deco,none,moogs_structures:moogs_structures_generic_jigsaw_structure,MoogsSoaringStructures-1.21-2.1.2.jar
mss:tree_5,mss:tree_5,deco,deco,none,moogs_structures:moogs_structures_generic_jigsaw_structure,MoogsSoaringStructures-1.21-2.1.2.jar
mss:tree_6,mss:tree_6,deco,deco,none,moogs_structures:moogs_structures_generic_jigsaw_structure,MoogsSoaringStructures-1.21-2.1.2.jar
mss:tree_7,mss:tree_7,deco,deco,none,moogs_structures:moogs_structures_generic_jigsaw_structure,MoogsSoaringStructures-1.21-2.1.2.jar
mss:tree_8,mss:tree_8,deco,deco,none,moogs_structures:moogs_structures_generic_jigsaw_structure,MoogsSoaringStructures-1.21-2.1.2.jar
mvs:acacia_log_pile,mvs:acacia_log_pile,deco,deco,beard_thin,moogs_structures:moogs_structures_generic_jigsaw_structure,MoogsVoyagerStructures-1.21-5.0.14.jar
mvs:acacia_tree,mvs:acacia_tree,deco,deco,beard_thin,moogs_structures:moogs_structures_generic_jigsaw_structure,MoogsVoyagerStructures-1.21-5.0.14.jar
mvs:acacia_well,mvs:other_wells,deco,deco,beard_thin,moogs_structures:moogs_structures_generic_jigsaw_structure,MoogsVoyagerStructures-1.21-5.0.14.jar
mvs:bench,mvs:bench,deco,deco,beard_thin,moogs_structures:moogs_structures_generic_jigsaw_structure,MoogsVoyagerStructures-1.21-5.0.14.jar
mvs:big_oak_tree,mvs:big_oak_tree,deco,deco,beard_thin,moogs_structures:moogs_structures_generic_jigsaw_structure,MoogsVoyagerStructures-1.21-5.0.14.jar
mvs:birch_log_pile,mvs:birch_log_pile,deco,deco,beard_thin,moogs_structures:moogs_structures_generic_jigsaw_structure,MoogsVoyagerStructures-1.21-5.0.14.jar
mvs:birch_tree,mvs:birch_tree,deco,deco,beard_thin,moogs_structures:moogs_structures_generic_jigsaw_structure,MoogsVoyagerStructures-1.21-5.0.14.jar
mvs:birch_well,mvs:other_wells,deco,deco,beard_thin,moogs_structures:moogs_structures_generic_jigsaw_structure,MoogsVoyagerStructures-1.21-5.0.14.jar
mvs:boulder,mvs:boulder,deco,deco,beard_thin,moogs_structures:moogs_structures_generic_jigsaw_structure,MoogsVoyagerStructures-1.21-5.0.14.jar
mvs:cart,mvs:cart,deco,deco,beard_thin,moogs_structures:moogs_structures_generic_jigsaw_structure,MoogsVoyagerStructures-1.21-5.0.14.jar
mvs:cherry_tree,mvs:cherry_tree,deco,deco,beard_thin,moogs_structures:moogs_structures_generic_jigsaw_structure,MoogsVoyagerStructures-1.21-5.0.14.jar
mvs:dark_oak_log_pile,mvs:dark_oak_log_pile,deco,deco,beard_thin,moogs_structures:moogs_structures_generic_jigsaw_structure,MoogsVoyagerStructures-1.21-5.0.14.jar
mvs:dark_oak_tree,mvs:dark_oak_tree,deco,deco,beard_thin,moogs_structures:moogs_structures_generic_jigsaw_structure,MoogsVoyagerStructures-1.21-5.0.14.jar
mvs:dark_oak_well,mvs:other_wells,deco,deco,beard_thin,moogs_structures:moogs_structures_generic_jigsaw_structure,MoogsVoyagerStructures-1.21-5.0.14.jar
mvs:dead_tree_acacia,mvs:dead_tree_acacia,deco,deco,beard_thin,moogs_structures:moogs_structures_generic_jigsaw_structure,MoogsVoyagerStructures-1.21-5.0.14.jar
mvs:dead_tree_birch,mvs:dead_tree_birch,deco,deco,beard_thin,moogs_structures:moogs_structures_generic_jigsaw_structure,MoogsVoyagerStructures-1.21-5.0.14.jar
mvs:dead_tree_cherry,mvs:dead_tree_cherry,deco,deco,beard_thin,moogs_structures:moogs_structures_generic_jigsaw_structure,MoogsVoyagerStructures-1.21-5.0.14.jar
mvs:dead_tree_dark_oak,mvs:dead_tree_dark_oak,deco,deco,beard_thin,moogs_structures:moogs_structures_generic_jigsaw_structure,MoogsVoyagerStructures-1.21-5.0.14.jar
mvs:dead_tree_jungle,mvs:dead_tree_jungle,deco,deco,beard_thin,moogs_structures:moogs_structures_generic_jigsaw_structure,MoogsVoyagerStructures-1.21-5.0.14.jar
mvs:dead_tree_mangrove,mvs:dead_tree_mangrove,deco,deco,beard_thin,moogs_structures:moogs_structures_generic_jigsaw_structure,MoogsVoyagerStructures-1.21-5.0.14.jar
mvs:dead_tree_oak,mvs:dead_tree_oak,deco,deco,beard_thin,moogs_structures:moogs_structures_generic_jigsaw_structure,MoogsVoyagerStructures-1.21-5.0.14.jar
mvs:desert_pump,mvs:desert_pump,deco,deco,beard_thin,moogs_structures:moogs_structures_generic_jigsaw_structure,MoogsVoyagerStructures-1.21-5.0.14.jar
mvs:floating_islands,mvs:floating_islands,deco,deco,none,moogs_structures:moogs_structures_generic_jigsaw_structure,MoogsVoyagerStructures-1.21-5.0.14.jar
mvs:flower_hole,mvs:flower_hole,deco,deco,beard_thin,moogs_structures:moogs_structures_generic_jigsaw_structure,MoogsVoyagerStructures-1.21-5.0.14.jar
mvs:haystack,mvs:haystack,deco,deco,beard_thin,moogs_structures:moogs_structures_generic_jigsaw_structure,MoogsVoyagerStructures-1.21-5.0.14.jar
mvs:jungle_log_pile,mvs:jungle_log_pile,deco,deco,beard_thin,moogs_structures:moogs_structures_generic_jigsaw_structure,MoogsVoyagerStructures-1.21-5.0.14.jar
mvs:jungle_palm_tree,mvs:jungle_palm_tree,deco,deco,beard_thin,moogs_structures:moogs_structures_generic_jigsaw_structure,MoogsVoyagerStructures-1.21-5.0.14.jar
mvs:jungle_tree,mvs:jungle_tree,deco,deco,beard_thin,moogs_structures:moogs_structures_generic_jigsaw_structure,MoogsVoyagerStructures-1.21-5.0.14.jar
mvs:jungle_well,mvs:other_wells,deco,deco,beard_thin,moogs_structures:moogs_structures_generic_jigsaw_structure,MoogsVoyagerStructures-1.21-5.0.14.jar
mvs:large_cart_1,mvs:large_cart_1,deco,deco,beard_thin,moogs_structures:moogs_structures_generic_jigsaw_structure,MoogsVoyagerStructures-1.21-5.0.14.jar
mvs:large_cart_2,mvs:large_cart_2,deco,deco,beard_thin,moogs_structures:moogs_structures_generic_jigsaw_structure,MoogsVoyagerStructures-1.21-5.0.14.jar
mvs:large_floating_island,mvs:large_floating_island,deco,deco,none,moogs_structures:moogs_structures_generic_jigsaw_structure,MoogsVoyagerStructures-1.21-5.0.14.jar
mvs:large_mushroom,mvs:large_mushroom,deco,deco,beard_thin,moogs_structures:moogs_structures_generic_jigsaw_structure,MoogsVoyagerStructures-1.21-5.0.14.jar
mvs:log_ruin,mvs:log_ruin,deco,deco,beard_thin,moogs_structures:moogs_structures_generic_jigsaw_structure,MoogsVoyagerStructures-1.21-5.0.14.jar
mvs:medium_bamboo_cart,mvs:medium_bamboo_cart,deco,deco,beard_thin,moogs_structures:moogs_structures_generic_jigsaw_structure,MoogsVoyagerStructures-1.21-5.0.14.jar
mvs:medium_oak_lantern,mvs:medium_oak_lantern,deco,deco,beard_thin,moogs_structures:moogs_structures_generic_jigsaw_structure,MoogsVoyagerStructures-1.21-5.0.14.jar
mvs:mushroom_pond,mvs:mushroom_pond,deco,deco,beard_thin,moogs_structures:moogs_structures_generic_jigsaw_structure,MoogsVoyagerStructures-1.21-5.0.14.jar
mvs:mushroom_well,mvs:mushroom_well,deco,deco,beard_thin,moogs_structures:moogs_structures_generic_jigsaw_structure,MoogsVoyagerStructures-1.21-5.0.14.jar
mvs:nether_well,mvs:nether_well,deco,deco,beard_thin,moogs_structures:moogs_structures_generic_nether_jigsaw_structure,MoogsVoyagerStructures-1.21-5.0.14.jar
mvs:oak_log_pile,mvs:oak_log_pile,deco,deco,beard_thin,moogs_structures:moogs_structures_generic_jigsaw_structure,MoogsVoyagerStructures-1.21-5.0.14.jar
mvs:oak_tree,mvs:oak_tree,deco,deco,beard_thin,moogs_structures:moogs_structures_generic_jigsaw_structure,MoogsVoyagerStructures-1.21-5.0.14.jar
mvs:oak_well,mvs:other_wells,deco,deco,beard_thin,moogs_structures:moogs_structures_generic_jigsaw_structure,MoogsVoyagerStructures-1.21-5.0.14.jar
mvs:paths,mvs:paths,deco,deco,beard_thin,moogs_structures:moogs_structures_generic_jigsaw_structure,MoogsVoyagerStructures-1.21-5.0.14.jar
mvs:pile,mvs:pile,deco,deco,beard_thin,moogs_structures:moogs_structures_generic_jigsaw_structure,MoogsVoyagerStructures-1.21-5.0.14.jar
mvs:railway,mvs:railway,deco,deco,beard_thin,moogs_structures:moogs_structures_generic_jigsaw_structure,MoogsVoyagerStructures-1.21-5.0.14.jar
mvs:rare_well,mvs:rare_well,deco,deco,beard_thin,moogs_structures:moogs_structures_generic_jigsaw_structure,MoogsVoyagerStructures-1.21-5.0.14.jar
mvs:rocky_well,mvs:other_wells,deco,deco,beard_thin,moogs_structures:moogs_structures_generic_jigsaw_structure,MoogsVoyagerStructures-1.21-5.0.14.jar
mvs:small_acacia_lantern,mvs:small_acacia_lantern,deco,deco,beard_thin,moogs_structures:moogs_structures_generic_jigsaw_structure,MoogsVoyagerStructures-1.21-5.0.14.jar
mvs:small_bamboo_lantern,mvs:small_bamboo_lantern,deco,deco,beard_thin,moogs_structures:moogs_structures_generic_jigsaw_structure,MoogsVoyagerStructures-1.21-5.0.14.jar
mvs:small_birch_lantern,mvs:small_birch_lantern,deco,deco,beard_thin,moogs_structures:moogs_structures_generic_jigsaw_structure,MoogsVoyagerStructures-1.21-5.0.14.jar
mvs:small_campfire_lantern,mvs:small_campfire_lantern,deco,deco,beard_thin,moogs_structures:moogs_structures_generic_jigsaw_structure,MoogsVoyagerStructures-1.21-5.0.14.jar
mvs:small_cherry_lantern,mvs:small_cherry_lantern,deco,deco,beard_thin,moogs_structures:moogs_structures_generic_jigsaw_structure,MoogsVoyagerStructures-1.21-5.0.14.jar
mvs:small_copper_well,mvs:other_wells,deco,deco,beard_thin,moogs_structures:moogs_structures_generic_jigsaw_structure,MoogsVoyagerStructures-1.21-5.0.14.jar
mvs:small_dark_oak_lantern,mvs:small_dark_oak_lantern,deco,deco,beard_thin,moogs_structures:moogs_structures_generic_jigsaw_structure,MoogsVoyagerStructures-1.21-5.0.14.jar
mvs:small_jungle_lantern,mvs:small_jungle_lantern,deco,deco,beard_thin,moogs_structures:moogs_structures_generic_jigsaw_structure,MoogsVoyagerStructures-1.21-5.0.14.jar
mvs:small_mangrove_lantern,mvs:small_mangrove_lantern,deco,deco,beard_thin,moogs_structures:moogs_structures_generic_jigsaw_structure,MoogsVoyagerStructures-1.21-5.0.14.jar
mvs:small_oak_lantern,mvs:small_oak_lantern,deco,deco,beard_thin,moogs_structures:moogs_structures_generic_jigsaw_structure,MoogsVoyagerStructures-1.21-5.0.14.jar
mvs:small_oak_pond,mvs:small_oak_pond,deco,deco,beard_thin,moogs_structures:moogs_structures_generic_jigsaw_structure,MoogsVoyagerStructures-1.21-5.0.14.jar
mvs:small_ruin,mvs:small_ruin,deco,deco,beard_thin,moogs_structures:moogs_structures_generic_jigsaw_structure,MoogsVoyagerStructures-1.21-5.0.14.jar
mvs:small_spruce_lantern,mvs:small_spruce_lantern,deco,deco,beard_thin,moogs_structures:moogs_structures_generic_jigsaw_structure,MoogsVoyagerStructures-1.21-5.0.14.jar
mvs:small_well,mvs:other_wells,deco,deco,beard_thin,moogs_structures:moogs_structures_generic_jigsaw_structure,MoogsVoyagerStructures-1.21-5.0.14.jar
mvs:snowy_fossil,mvs:snowy_fossil,deco,deco,beard_thin,moogs_structures:moogs_structures_generic_jigsaw_structure,MoogsVoyagerStructures-1.21-5.0.14.jar
mvs:spruce_log_pile,mvs:spruce_log_pile,deco,deco,beard_thin,moogs_structures:moogs_structures_generic_jigsaw_structure,MoogsVoyagerStructures-1.21-5.0.14.jar
mvs:spruce_tree,mvs:spruce_tree,deco,deco,beard_thin,moogs_structures:moogs_structures_generic_jigsaw_structure,MoogsVoyagerStructures-1.21-5.0.14.jar
mvs:spruce_well,mvs:other_wells,deco,deco,beard_thin,moogs_structures:moogs_structures_generic_jigsaw_structure,MoogsVoyagerStructures-1.21-5.0.14.jar
mvs:stone_pillars,mvs:stone_pillars,deco,deco,beard_thin,moogs_structures:moogs_structures_generic_jigsaw_structure,MoogsVoyagerStructures-1.21-5.0.14.jar
mvs:stone_rock,mvs:stone_rock,deco,deco,beard_thin,moogs_structures:moogs_structures_generic_jigsaw_structure,MoogsVoyagerStructures-1.21-5.0.14.jar
mvs:well,mvs:other_wells,deco,deco,beard_thin,moogs_structures:moogs_structures_generic_jigsaw_structure,MoogsVoyagerStructures-1.21-5.0.14.jar
mvs:wheat_grain_bin,mvs:wheat_grain_bin,deco,deco,beard_thin,moogs_structures:moogs_structures_generic_jigsaw_structure,MoogsVoyagerStructures-1.21-5.0.14.jar
nullscape:dragon_skeleton,nullscape:dragon_skeleton,deco,deco,none,minecraft:jigsaw,Nullscape_1.21.x_v1.2.14.jar
nullscape:rift,nullscape:rift,deco,deco,none,minecraft:jigsaw,Nullscape_1.21.x_v1.2.14.jar
philipsruins:ancient_ruins,philipsruins:ancient_ruins,deco,deco,beard_thin,minecraft:jigsaw,Philips-Ruins1.21.1-1.9-Fabric.jar
philipsruins:desert_structures,philipsruins:desert_structures,deco,deco,bury,minecraft:jigsaw,Philips-Ruins1.21.1-1.9-Fabric.jar
philipsruins:end_gate_fortress,philipsruins:end_ruins,deco,deco,beard_thin,minecraft:jigsaw,Philips-Ruins1.21.1-1.9-Fabric.jar
philipsruins:end_ruins,philipsruins:end_ruins,deco,deco,beard_thin,minecraft:jigsaw,Philips-Ruins1.21.1-1.9-Fabric.jar
philipsruins:field_stone_ruins,philipsruins:field_stone_ruins,deco,deco,beard_thin,minecraft:jigsaw,Philips-Ruins1.21.1-1.9-Fabric.jar
philipsruins:field_stone_ruins_rocks,philipsruins:field_stone_ruins_rocks,deco,deco,beard_thin,minecraft:jigsaw,Philips-Ruins1.21.1-1.9-Fabric.jar
philipsruins:level_one_ruins,philipsruins:level_one_ruins,deco,deco,beard_thin,minecraft:jigsaw,Philips-Ruins1.21.1-1.9-Fabric.jar
philipsruins:level_three_ruins,philipsruins:level_three_ruins,deco,deco,beard_thin,minecraft:jigsaw,Philips-Ruins1.21.1-1.9-Fabric.jar
philipsruins:level_two_ruins,philipsruins:level_two_ruins,deco,deco,beard_thin,minecraft:jigsaw,Philips-Ruins1.21.1-1.9-Fabric.jar
philipsruins:level_two_ruins_pool,philipsruins:level_two_ruins,deco,deco,beard_thin,minecraft:jigsaw,Philips-Ruins1.21.1-1.9-Fabric.jar
philipsruins:pumpkin_ruins,philipsruins:pumpkin_ruins,deco,deco,beard_thin,minecraft:jigsaw,Philips-Ruins1.21.1-1.9-Fabric.jar
philipsruins:rare_ruin,philipsruins:rare_ruin,deco,deco,beard_thin,minecraft:jigsaw,Philips-Ruins1.21.1-1.9-Fabric.jar
structory:abandoned_camp,structory:outcast_villager,deco,deco,beard_thin,minecraft:jigsaw,Structory_26.2_v1.3.7.jar
structory:abandoned_chapel,structory:outcast_villager,deco,deco,beard_thin,minecraft:jigsaw,Structory_26.2_v1.3.7.jar
structory:boat,structory:outcast_villager,deco,deco,none,minecraft:jigsaw,Structory_26.2_v1.3.7.jar
structory:dense_forest_ruin,structory:old_manor,deco,deco,beard_thin,minecraft:jigsaw,Structory_26.2_v1.3.7.jar
structory:firetower,structory:outcast_villager,deco,deco,beard_thin,minecraft:jigsaw,Structory_26.2_v1.3.7.jar
structory:graveyard,structory:outcast_villager,deco,deco,beard_thin,minecraft:jigsaw,Structory_26.2_v1.3.7.jar
structory:jungle_ruin,structory:ruin,deco,deco,beard_thin,minecraft:jigsaw,Structory_26.2_v1.3.7.jar
structory:northern_ruin,structory:mid_rare_ruin,deco,deco,beard_thin,minecraft:jigsaw,Structory_26.2_v1.3.7.jar
structory:old_manor,structory:old_manor,deco,deco,beard_box,minecraft:jigsaw,Structory_26.2_v1.3.7.jar
structory:outcast_villager_desert,structory:outcast_villager,deco,deco,beard_thin,minecraft:jigsaw,Structory_26.2_v1.3.7.jar
structory:outcast_villager_grassy,structory:outcast_villager,deco,deco,beard_thin,minecraft:jigsaw,Structory_26.2_v1.3.7.jar
structory:ruin_grassy,structory:outcast_villager,deco,deco,beard_thin,minecraft:jigsaw,Structory_26.2_v1.3.7.jar
structory:swamp_ruin,structory:ruin_quiet,deco,deco,beard_thin,minecraft:jigsaw,Structory_26.2_v1.3.7.jar
structory:taiga_ruin_surface,structory:mid_rare_ruin,deco,deco,beard_thin,minecraft:jigsaw,Structory_26.2_v1.3.7.jar
structory:taiga_ruin_underground,structory:mid_rare_ruin,deco,deco,bury,minecraft:jigsaw,Structory_26.2_v1.3.7.jar
terralith:rubble_desert,terralith:rubble,deco,deco,beard_thin,minecraft:jigsaw,Terralith_1.21.x_v2.6.2.jar
terralith:rubble_forest,terralith:rubble,deco,deco,beard_thin,minecraft:jigsaw,Terralith_1.21.x_v2.6.2.jar
terralith:rubble_jungle,terralith:rubble,deco,deco,beard_thin,minecraft:jigsaw,Terralith_1.21.x_v2.6.2.jar
terralith:rubble_mesa,terralith:rubble,deco,deco,beard_thin,minecraft:jigsaw,Terralith_1.21.x_v2.6.2.jar
terralith:rubble_mountain,terralith:rubble,deco,deco,beard_thin,minecraft:jigsaw,Terralith_1.21.x_v2.6.2.jar
terralith:rubble_taiga,terralith:rubble,deco,deco,beard_thin,minecraft:jigsaw,Terralith_1.21.x_v2.6.2.jar
bettermineshafts:mineshaft_acacia,bettermineshafts:mineshafts,deco,deco,none,bettermineshafts:mineshaft,YungsBetterMineshafts-1.21.1-Fabric-5.1.1.jar
bettermineshafts:mineshaft_desert,bettermineshafts:mineshafts,deco,deco,none,bettermineshafts:mineshaft,YungsBetterMineshafts-1.21.1-Fabric-5.1.1.jar
bettermineshafts:mineshaft_dripstone,bettermineshafts:mineshafts,deco,deco,none,bettermineshafts:mineshaft,YungsBetterMineshafts-1.21.1-Fabric-5.1.1.jar
bettermineshafts:mineshaft_ice,bettermineshafts:mineshafts,deco,deco,none,bettermineshafts:mineshaft,YungsBetterMineshafts-1.21.1-Fabric-5.1.1.jar
bettermineshafts:mineshaft_jungle,bettermineshafts:mineshafts,deco,deco,none,bettermineshafts:mineshaft,YungsBetterMineshafts-1.21.1-Fabric-5.1.1.jar
bettermineshafts:mineshaft_lush,bettermineshafts:mineshafts,deco,deco,none,bettermineshafts:mineshaft,YungsBetterMineshafts-1.21.1-Fabric-5.1.1.jar
bettermineshafts:mineshaft_mesa,bettermineshafts:mineshafts,deco,deco,none,bettermineshafts:mineshaft,YungsBetterMineshafts-1.21.1-Fabric-5.1.1.jar
bettermineshafts:mineshaft_mushroom,bettermineshafts:mineshafts,deco,deco,none,bettermineshafts:mineshaft,YungsBetterMineshafts-1.21.1-Fabric-5.1.1.jar
bettermineshafts:mineshaft_oak,bettermineshafts:mineshafts,deco,deco,none,bettermineshafts:mineshaft,YungsBetterMineshafts-1.21.1-Fabric-5.1.1.jar
bettermineshafts:mineshaft_overgrown,bettermineshafts:mineshafts,deco,deco,none,bettermineshafts:mineshaft,YungsBetterMineshafts-1.21.1-Fabric-5.1.1.jar
bettermineshafts:mineshaft_red_desert,bettermineshafts:mineshafts,deco,deco,none,bettermineshafts:mineshaft,YungsBetterMineshafts-1.21.1-Fabric-5.1.1.jar
bettermineshafts:mineshaft_spruce,bettermineshafts:mineshafts,deco,deco,none,bettermineshafts:mineshaft,YungsBetterMineshafts-1.21.1-Fabric-5.1.1.jar
bettermineshafts:mineshaft_spruce_snowy,bettermineshafts:mineshafts,deco,deco,none,bettermineshafts:mineshaft,YungsBetterMineshafts-1.21.1-Fabric-5.1.1.jar
nova_structures:desert_ruins,nova_structures:desert_ruins,deco,deco,beard_box,minecraft:jigsaw,dungeons-and-taverns-v4.4.4.jar
nova_structures:jungle_ruins,nova_structures:jungle_ruins,deco,deco,beard_box,minecraft:jigsaw,dungeons-and-taverns-v4.4.4.jar
nova_structures:remnant_bee_keeper,nova_structures:remnants,deco,deco,beard_box,minecraft:jigsaw,dungeons-and-taverns-v4.4.4.jar
nova_structures:remnant_big_remnant,nova_structures:remnants,deco,deco,beard_box,minecraft:jigsaw,dungeons-and-taverns-v4.4.4.jar
nova_structures:remnant_big_remnant_2,nova_structures:remnants,deco,deco,beard_box,minecraft:jigsaw,dungeons-and-taverns-v4.4.4.jar
nova_structures:remnant_big_remnant_3,nova_structures:remnants,deco,deco,beard_box,minecraft:jigsaw,dungeons-and-taverns-v4.4.4.jar
nova_structures:remnant_birch_graveyard,nova_structures:remnants,deco,deco,beard_box,minecraft:jigsaw,dungeons-and-taverns-v4.4.4.jar
nova_structures:remnant_bridge_remnant,nova_structures:remnants,deco,deco,beard_box,minecraft:jigsaw,dungeons-and-taverns-v4.4.4.jar
nova_structures:remnant_bunny_base,nova_structures:remnants,deco,deco,beard_box,minecraft:jigsaw,dungeons-and-taverns-v4.4.4.jar
nova_structures:remnant_classic_village,nova_structures:remnants,deco,deco,beard_thin,minecraft:jigsaw,dungeons-and-taverns-v4.4.4.jar
nova_structures:remnant_desert_remnant,nova_structures:remnants,deco,deco,beard_box,minecraft:jigsaw,dungeons-and-taverns-v4.4.4.jar
nova_structures:remnant_forest_smith,nova_structures:remnants,deco,deco,beard_box,minecraft:jigsaw,dungeons-and-taverns-v4.4.4.jar
nova_structures:remnant_frog_ranch,nova_structures:remnants,deco,deco,beard_box,minecraft:jigsaw,dungeons-and-taverns-v4.4.4.jar
nova_structures:remnant_graveyard,nova_structures:remnants,deco,deco,beard_box,minecraft:jigsaw,dungeons-and-taverns-v4.4.4.jar
nova_structures:remnant_medium_remnant,nova_structures:remnants,deco,deco,beard_box,minecraft:jigsaw,dungeons-and-taverns-v4.4.4.jar
nova_structures:remnant_medium_remnant_2,nova_structures:remnants,deco,deco,beard_box,minecraft:jigsaw,dungeons-and-taverns-v4.4.4.jar
nova_structures:remnant_miner_hut,nova_structures:remnants,deco,deco,beard_box,minecraft:jigsaw,dungeons-and-taverns-v4.4.4.jar
nova_structures:remnant_mud_brick_constructor,nova_structures:remnants,deco,deco,beard_box,minecraft:jigsaw,dungeons-and-taverns-v4.4.4.jar
nova_structures:remnant_ominous_shop,nova_structures:remnants,deco,deco,beard_box,minecraft:jigsaw,dungeons-and-taverns-v4.4.4.jar
nova_structures:remnant_ruin_farmer,nova_structures:remnants,deco,deco,beard_box,minecraft:jigsaw,dungeons-and-taverns-v4.4.4.jar
nova_structures:remnant_ruin_smith,nova_structures:remnants,deco,deco,beard_box,minecraft:jigsaw,dungeons-and-taverns-v4.4.4.jar
nova_structures:remnant_sawmill,nova_structures:remnants,deco,deco,beard_box,minecraft:jigsaw,dungeons-and-taverns-v4.4.4.jar
nova_structures:remnant_school_remnant,nova_structures:remnants,deco,deco,beard_box,minecraft:jigsaw,dungeons-and-taverns-v4.4.4.jar
nova_structures:remnant_taiga_castle,nova_structures:remnants,deco,deco,beard_box,minecraft:jigsaw,dungeons-and-taverns-v4.4.4.jar
nova_structures:remnant_woodland_hud,nova_structures:remnants,deco,deco,beard_box,minecraft:jigsaw,dungeons-and-taverns-v4.4.4.jar
nova_structures:remnant_zombie_horse_ranch,nova_structures:remnants,deco,deco,beard_box,minecraft:jigsaw,dungeons-and-taverns-v4.4.4.jar
nova_structures:well_birch,nova_structures:wells,deco,deco,beard_box,minecraft:jigsaw,dungeons-and-taverns-v4.4.4.jar
nova_structures:well_dark_oak,nova_structures:wells,deco,deco,beard_box,minecraft:jigsaw,dungeons-and-taverns-v4.4.4.jar
nova_structures:well_jungle,nova_structures:wells,deco,deco,beard_box,minecraft:jigsaw,dungeons-and-taverns-v4.4.4.jar
nova_structures:well_oak,nova_structures:wells,deco,deco,beard_box,minecraft:jigsaw,dungeons-and-taverns-v4.4.4.jar
nova_structures:well_savana,nova_structures:wells,deco,deco,beard_box,minecraft:jigsaw,dungeons-and-taverns-v4.4.4.jar
nova_structures:well_spruce,nova_structures:wells,deco,deco,beard_box,minecraft:jigsaw,dungeons-and-taverns-v4.4.4.jar
nova_structures:wild_ruin,nova_structures:wild_ruin,deco,deco,beard_thin,minecraft:jigsaw,dungeons-and-taverns-v4.4.4.jar
paradise_lost:remains,paradise_lost:remains,deco,deco,beard_thin,minecraft:jigsaw,paradise-lost-2.4.6-beta+1.21.1.jar
supplementaries:road_sign,supplementaries:road_signs,deco,deco,beard_thin,supplementaries:road_sign,supplementaries-fabric-1.21.1-3.8.2.jar
towns_and_towers:mimic_desert,towns_and_towers:other,deco,deco,none,minecraft:jigsaw,t_and_t-neoforge-fabric-1.13.9+1.21.1.jar
towns_and_towers:wreckage_ocean,towns_and_towers:other,deco,deco,none,minecraft:jigsaw,t_and_t-neoforge-fabric-1.13.9+1.21.1.jar
minecraft:nether_fossil,minecraft:nether_fossils,deco,deco,beard_thin,minecraft:nether_fossil,vanilla
minecraft:ruined_portal,minecraft:ruined_portals,deco,deco,none,minecraft:ruined_portal,vanilla
minecraft:ruined_portal_desert,minecraft:ruined_portals,deco,deco,none,minecraft:ruined_portal,vanilla
minecraft:ruined_portal_jungle,minecraft:ruined_portals,deco,deco,none,minecraft:ruined_portal,vanilla
minecraft:ruined_portal_mountain,minecraft:ruined_portals,deco,deco,none,minecraft:ruined_portal,vanilla
minecraft:ruined_portal_nether,minecraft:ruined_portals,deco,deco,none,minecraft:ruined_portal,vanilla
minecraft:ruined_portal_ocean,minecraft:ruined_portals,deco,deco,none,minecraft:ruined_portal,vanilla
minecraft:ruined_portal_swamp,minecraft:ruined_portals,deco,deco,none,minecraft:ruined_portal,vanilla
minecraft:trail_ruins,minecraft:trail_ruins,deco,deco,bury,minecraft:jigsaw,vanilla
epic:medium_ice_dungeon,epic:medium_dungeons,dungeons,dungeon,none,minecraft:jigsaw,Epic Dungeons 1.2.3.jar
epic:medium_plains_dungeon,epic:medium_dungeons,dungeons,dungeon,none,minecraft:jigsaw,Epic Dungeons 1.2.3.jar
epic:medium_sand_dungeon,epic:medium_dungeons,dungeons,dungeon,none,minecraft:jigsaw,Epic Dungeons 1.2.3.jar
epic:small_ice_dungeon,epic:small_dungeons,dungeons,dungeon,none,minecraft:jigsaw,Epic Dungeons 1.2.3.jar
epic:small_plains_dungeon,epic:small_dungeons,dungeons,dungeon,none,minecraft:jigsaw,Epic Dungeons 1.2.3.jar
epic:small_sand_dungeon,epic:small_dungeons,dungeons,dungeon,none,minecraft:jigsaw,Epic Dungeons 1.2.3.jar
incendium:forbidden_castle,incendium:greater_structures,dungeons,dungeon,none,minecraft:jigsaw,Incendium_1.21.x_v5.4.4.jar
incendium:nether_reactor,incendium:greater_structures,dungeons,dungeon,beard_thin,minecraft:jigsaw,Incendium_1.21.x_v5.4.4.jar
incendium:sanctum,incendium:greater_structures,dungeons,dungeon,none,minecraft:jigsaw,Incendium_1.21.x_v5.4.4.jar
mes:phantom_citadel,mes:phantom_citadel,dungeons,dungeon,none,moogs_structures:moogs_structures_generic_jigsaw_structure,MoogsEndStructures-1.21-2.0.3.jar
mns:grave_yard,mns:grave_yard,dungeons,dungeon,beard_thin,moogs_structures:moogs_structures_generic_nether_jigsaw_structure,MoogsNetherStructures-1.21-3.0.0.jar
mvs:gallows,mvs:gallows,dungeons,dungeon,beard_thin,moogs_structures:moogs_structures_generic_jigsaw_structure,MoogsVoyagerStructures-1.21-5.0.14.jar
mvs:nether_devil,mvs:nether_devil,dungeons,dungeon,beard_thin,moogs_structures:moogs_structures_generic_nether_jigsaw_structure,MoogsVoyagerStructures-1.21-5.0.14.jar
mvs:small_pillager_tower,mvs:small_pillager_tower,dungeons,dungeon,beard_thin,moogs_structures:moogs_structures_generic_jigsaw_structure,MoogsVoyagerStructures-1.21-5.0.14.jar
mvs:villager_statue,mvs:villager_statue,dungeons,dungeon,beard_thin,moogs_structures:moogs_structures_generic_jigsaw_structure,MoogsVoyagerStructures-1.21-5.0.14.jar
philipsruins:ancient_crypt,philipsruins:ancient_crypt,dungeons,dungeon,beard_box,minecraft:jigsaw,Philips-Ruins1.21.1-1.9-Fabric.jar
philipsruins:ancient_dungeon,philipsruins:ancient_dungeon,dungeons,dungeon,bury,minecraft:jigsaw,Philips-Ruins1.21.1-1.9-Fabric.jar
philipsruins:antiquus_crypta,philipsruins:antiquus_crypta,dungeons,dungeon,beard_box,minecraft:jigsaw,Philips-Ruins1.21.1-1.9-Fabric.jar
philipsruins:bone_dungeon,philipsruins:underground_structures,dungeons,dungeon,beard_thin,minecraft:jigsaw,Philips-Ruins1.21.1-1.9-Fabric.jar
philipsruins:lost_soul_city,philipsruins:lost_soul_city,dungeons,dungeon,beard_thin,minecraft:jigsaw,Philips-Ruins1.21.1-1.9-Fabric.jar
philipsruins:lost_soul_dungeon,philipsruins:underground_structures,dungeons,dungeon,beard_thin,minecraft:jigsaw,Philips-Ruins1.21.1-1.9-Fabric.jar
philipsruins:nether_lava_ruins,philipsruins:nether_structures,dungeons,dungeon,beard_thin,minecraft:jigsaw,Philips-Ruins1.21.1-1.9-Fabric.jar
philipsruins:ocean_fortress,philipsruins:ocean_fortress_main,dungeons,dungeon,beard_box,minecraft:jigsaw,Philips-Ruins1.21.1-1.9-Fabric.jar
philipsruins:sculk_dungeon,philipsruins:underground_structures,dungeons,dungeon,beard_thin,minecraft:jigsaw,Philips-Ruins1.21.1-1.9-Fabric.jar
philipsruins:sealedruinedghaststatue1,philipsruins:nether_structures,dungeons,dungeon,beard_thin,minecraft:jigsaw,Philips-Ruins1.21.1-1.9-Fabric.jar
philipsruins:underground_structures,philipsruins:underground_structures,dungeons,dungeon,beard_thin,minecraft:jigsaw,Philips-Ruins1.21.1-1.9-Fabric.jar
terralith:spire,terralith:rare_dungeon,dungeons,dungeon,none,minecraft:jigsaw,Terralith_1.21.x_v2.6.2.jar
terralith:underground/frosted_dungeon,terralith:underground_dungeon,dungeons,dungeon,beard_box,minecraft:jigsaw,Terralith_1.21.x_v2.6.2.jar
betterdeserttemples:desert_temple,betterdeserttemples:desert_temples,dungeons,dungeon,none,yungsapi:yung_jigsaw,YungsBetterDesertTemples-1.21.1-Fabric-4.1.5.jar
betterdungeons:skeleton_dungeon,betterdungeons:skeleton_dungeons,dungeons,dungeon,none,yungsapi:yung_jigsaw,YungsBetterDungeons-1.21.1-Fabric-5.1.4.jar
betterdungeons:small_dungeon,betterdungeons:small_dungeons,dungeons,dungeon,none,yungsapi:yung_jigsaw,YungsBetterDungeons-1.21.1-Fabric-5.1.4.jar
betterdungeons:small_nether_dungeon,betterdungeons:small_nether_dungeons,dungeons,dungeon,none,betterdungeons:small_nether_dungeon,YungsBetterDungeons-1.21.1-Fabric-5.1.4.jar
betterdungeons:spider_dungeon,betterdungeons:spider_dungeons,dungeons,dungeon,none,betterdungeons:spider_dungeon,YungsBetterDungeons-1.21.1-Fabric-5.1.4.jar
betterdungeons:zombie_dungeon,betterdungeons:zombie_dungeons,dungeons,dungeon,none,yungsapi:yung_jigsaw,YungsBetterDungeons-1.21.1-Fabric-5.1.4.jar
betterjungletemples:jungle_temple,betterjungletemples:jungle_temples,dungeons,dungeon,none,yungsapi:yung_jigsaw,YungsBetterJungleTemples-1.21.1-Fabric-3.1.2.jar
betterfortresses:fortress,betterfortresses:fortress,dungeons,dungeon,none,yungsapi:yung_jigsaw,YungsBetterNetherFortresses-1.21.1-Fabric-3.1.5.jar
betteroceanmonuments:ocean_monument,betteroceanmonuments:ocean_monument,dungeons,dungeon,none,yungsapi:yung_jigsaw,YungsBetterOceanMonuments-1.21.1-Fabric-4.1.2.jar
betterwitchhuts:witch_circle,betterwitchhuts:witch_circle,dungeons,dungeon,none,yungsapi:yung_jigsaw,YungsBetterWitchHuts-1.21.1-Fabric-4.1.1.jar
betterwitchhuts:witch_hut,betterwitchhuts:witch_hut,dungeons,dungeon,none,yungsapi:yung_jigsaw,YungsBetterWitchHuts-1.21.1-Fabric-4.1.1.jar
adventuredungeons:bygonedungeon,adventuredungeons:bygonedungeon,dungeons,dungeon,encapsulate,minecraft:jigsaw,adventuredungeons-fabric-1.21-1.3.1.jar
adventuredungeons:coldlair,adventuredungeons:coldlair,dungeons,dungeon,encapsulate,minecraft:jigsaw,adventuredungeons-fabric-1.21-1.3.1.jar
adventuredungeons:murkydungeon,adventuredungeons:murkydungeon,dungeons,dungeon,encapsulate,minecraft:jigsaw,adventuredungeons-fabric-1.21-1.3.1.jar
adventuredungeons:ruins_desert,adventuredungeons:ruins_desert,dungeons,dungeon,beard_thin,minecraft:jigsaw,adventuredungeons-fabric-1.21-1.3.1.jar
adventuredungeons:ruins_snow,adventuredungeons:ruins_snow,dungeons,dungeon,beard_thin,minecraft:jigsaw,adventuredungeons-fabric-1.21-1.3.1.jar
adventuredungeons:ruins_standard,adventuredungeons:ruins_standard,dungeons,dungeon,beard_thin,minecraft:jigsaw,adventuredungeons-fabric-1.21-1.3.1.jar
adventuredungeons:trialrooms,adventuredungeons:trialrooms,dungeons,dungeon,encapsulate,minecraft:jigsaw,adventuredungeons-fabric-1.21-1.3.1.jar
adventuredungeons:underground_camp,adventuredungeons:underground_camp,dungeons,dungeon,none,minecraft:jigsaw,adventuredungeons-fabric-1.21-1.3.1.jar
ddd:minor_dungeon_desert,ddd:dddungeons,dungeons,dungeon,none,minecraft:jigsaw,deadly-deadly-dungeon-1.0.4.jar
ddd:minor_dungeon_frozen,ddd:dddungeons,dungeons,dungeon,none,minecraft:jigsaw,deadly-deadly-dungeon-1.0.4.jar
ddd:minor_dungeon_plains,ddd:dddungeons,dungeons,dungeon,none,minecraft:jigsaw,deadly-deadly-dungeon-1.0.4.jar
ddd:monolithic_tower,ddd:dddtowers,dungeons,dungeon,beard_thin,minecraft:jigsaw,deadly-deadly-dungeon-1.0.4.jar
ddd:spider_lair,ddd:dddungeons,dungeons,dungeon,none,minecraft:jigsaw,deadly-deadly-dungeon-1.0.4.jar
dungeons_plus:cold_dungeon,dungeons_plus:dungeons,dungeons,dungeon,beard_thin,minecraft:jigsaw,dungeons+-1.10.1.jar
dungeons_plus:deepwater_dungeon,dungeons_plus:dungeons,dungeons,dungeon,beard_thin,minecraft:jigsaw,dungeons+-1.10.1.jar
dungeons_plus:dungeon_ruins,dungeons_plus:ruins,dungeons,dungeon,beard_thin,minecraft:jigsaw,dungeons+-1.10.1.jar
dungeons_plus:dusty_tomb,dungeons_plus:dungeons,dungeons,dungeon,beard_thin,minecraft:jigsaw,dungeons+-1.10.1.jar
dungeons_plus:frozen_dungeon,dungeons_plus:dungeons,dungeons,dungeon,beard_thin,minecraft:jigsaw,dungeons+-1.10.1.jar
dungeons_plus:infested_dungeon,dungeons_plus:dungeons,dungeons,dungeon,beard_thin,minecraft:jigsaw,dungeons+-1.10.1.jar
dungeons_plus:lush_dungeon,dungeons_plus:dungeons,dungeons,dungeon,beard_thin,minecraft:jigsaw,dungeons+-1.10.1.jar
dungeons_plus:mouldy_dungeon,dungeons_plus:dungeons,dungeons,dungeon,beard_thin,minecraft:jigsaw,dungeons+-1.10.1.jar
dungeons_plus:muddy_dungeon,dungeons_plus:dungeons,dungeons,dungeon,beard_thin,minecraft:jigsaw,dungeons+-1.10.1.jar
dungeons_plus:scorched_tomb,dungeons_plus:dungeons,dungeons,dungeon,beard_thin,minecraft:jigsaw,dungeons+-1.10.1.jar
dungeons_plus:webbed_dungeon,dungeons_plus:dungeons,dungeons,dungeon,beard_thin,minecraft:jigsaw,dungeons+-1.10.1.jar
nova_structures:bunker,nova_structures:bunker,dungeons,dungeon,none,minecraft:jigsaw,dungeons-and-taverns-v4.4.4.jar
nova_structures:creeping_crypt,nova_structures:creeping_crypt,dungeons,dungeon,none,minecraft:jigsaw,dungeons-and-taverns-v4.4.4.jar
nova_structures:illager_camp,nova_structures:illager_camp,dungeons,dungeon,beard_thin,minecraft:jigsaw,dungeons-and-taverns-v4.4.4.jar
nova_structures:illager_hideout,nova_structures:illager_hideout,dungeons,dungeon,encapsulate,minecraft:jigsaw,dungeons-and-taverns-v4.4.4.jar
nova_structures:mangrove_witch_hut,nova_structures:mangrove_witch_hut,dungeons,dungeon,beard_box,minecraft:jigsaw,dungeons-and-taverns-v4.4.4.jar
nova_structures:nether_skeleton_tower_crimson,nova_structures:nether_skeleton_towers,dungeons,dungeon,beard_box,minecraft:jigsaw,dungeons-and-taverns-v4.4.4.jar
nova_structures:nether_skeleton_tower_soul,nova_structures:nether_skeleton_towers,dungeons,dungeon,beard_box,minecraft:jigsaw,dungeons-and-taverns-v4.4.4.jar
nova_structures:nether_skeleton_tower_warped,nova_structures:nether_skeleton_towers,dungeons,dungeon,beard_box,minecraft:jigsaw,dungeons-and-taverns-v4.4.4.jar
nova_structures:nether_skeleton_tower_waste,nova_structures:nether_skeleton_towers,dungeons,dungeon,beard_box,minecraft:jigsaw,dungeons-and-taverns-v4.4.4.jar
nova_structures:piglin_camp,nova_structures:nether_camps,dungeons,dungeon,beard_box,minecraft:jigsaw,dungeons-and-taverns-v4.4.4.jar
nova_structures:skeleton_camp_crimson,nova_structures:nether_camps,dungeons,dungeon,beard_box,minecraft:jigsaw,dungeons-and-taverns-v4.4.4.jar
nova_structures:skeleton_camp_soul,nova_structures:nether_camps,dungeons,dungeon,beard_box,minecraft:jigsaw,dungeons-and-taverns-v4.4.4.jar
nova_structures:skeleton_camp_warped,nova_structures:nether_camps,dungeons,dungeon,beard_box,minecraft:jigsaw,dungeons-and-taverns-v4.4.4.jar
nova_structures:skeleton_camp_waste,nova_structures:nether_camps,dungeons,dungeon,beard_box,minecraft:jigsaw,dungeons-and-taverns-v4.4.4.jar
nova_structures:toxic_lair,nova_structures:swamp_structure,dungeons,dungeon,none,minecraft:jigsaw,dungeons-and-taverns-v4.4.4.jar
nova_structures:trident_trial_monument,nova_structures:trident_trial_monument,dungeons,dungeon,none,minecraft:jigsaw,dungeons-and-taverns-v4.4.4.jar
nova_structures:undead_crypt,nova_structures:undead_crypt,dungeons,dungeon,encapsulate,minecraft:jigsaw,dungeons-and-taverns-v4.4.4.jar
nova_structures:witch_villa,nova_structures:swamp_structure,dungeons,dungeon,beard_box,minecraft:jigsaw,dungeons-and-taverns-v4.4.4.jar
friendsandfoes:citadel,friendsandfoes:citadel,dungeons,dungeon,none,friendsandfoes:citadel_structure,friendsandfoes-fabric-4.0.26+mc1.21.1.jar
friendsandfoes:iceologer_cabin,friendsandfoes:iceologer_cabin,dungeons,dungeon,beard_thin,friendsandfoes:iceologer_cabin_structure,friendsandfoes-fabric-4.0.26+mc1.21.1.jar
friendsandfoes:illusioner_shack,friendsandfoes:illusioner_shack,dungeons,dungeon,beard_thin,friendsandfoes:illusioner_shack_structure,friendsandfoes-fabric-4.0.26+mc1.21.1.jar
friendsandfoes:illusioner_training_grounds,friendsandfoes:illusioner_training_grounds,dungeons,dungeon,beard_thin,friendsandfoes:illusioner_training_grounds_structure,friendsandfoes-fabric-4.0.26+mc1.21.1.jar
paradise_lost:vault,paradise_lost:vault,dungeons,dungeon,encapsulate,minecraft:jigsaw,paradise-lost-2.4.6-beta+1.21.1.jar
towns_and_towers:exclusives/pillager_outpost_classic,towns_and_towers:towers,dungeons,dungeon,beard_thin,minecraft:jigsaw,t_and_t-neoforge-fabric-1.13.9+1.21.1.jar
towns_and_towers:exclusives/pillager_outpost_iberian,towns_and_towers:towers,dungeons,dungeon,beard_thin,minecraft:jigsaw,t_and_t-neoforge-fabric-1.13.9+1.21.1.jar
towns_and_towers:exclusives/pillager_outpost_mediterranean,towns_and_towers:towers,dungeons,dungeon,beard_thin,minecraft:jigsaw,t_and_t-neoforge-fabric-1.13.9+1.21.1.jar
towns_and_towers:exclusives/pillager_outpost_nilotic,towns_and_towers:towers,dungeons,dungeon,none,minecraft:jigsaw,t_and_t-neoforge-fabric-1.13.9+1.21.1.jar
towns_and_towers:exclusives/pillager_outpost_oriental,towns_and_towers:towers,dungeons,dungeon,beard_thin,minecraft:jigsaw,t_and_t-neoforge-fabric-1.13.9+1.21.1.jar
towns_and_towers:exclusives/pillager_outpost_rustic,towns_and_towers:towers,dungeons,dungeon,beard_thin,minecraft:jigsaw,t_and_t-neoforge-fabric-1.13.9+1.21.1.jar
towns_and_towers:exclusives/pillager_outpost_swedish,towns_and_towers:towers,dungeons,dungeon,beard_thin,minecraft:jigsaw,t_and_t-neoforge-fabric-1.13.9+1.21.1.jar
towns_and_towers:exclusives/pillager_outpost_tudor,towns_and_towers:towers,dungeons,dungeon,beard_thin,minecraft:jigsaw,t_and_t-neoforge-fabric-1.13.9+1.21.1.jar
towns_and_towers:pillager_outpost_badlands,towns_and_towers:towers,dungeons,dungeon,beard_thin,minecraft:jigsaw,t_and_t-neoforge-fabric-1.13.9+1.21.1.jar
towns_and_towers:pillager_outpost_beach,towns_and_towers:towers,dungeons,dungeon,beard_thin,minecraft:jigsaw,t_and_t-neoforge-fabric-1.13.9+1.21.1.jar
towns_and_towers:pillager_outpost_birch_forest,towns_and_towers:towers,dungeons,dungeon,beard_thin,minecraft:jigsaw,t_and_t-neoforge-fabric-1.13.9+1.21.1.jar
towns_and_towers:pillager_outpost_desert,towns_and_towers:towers,dungeons,dungeon,beard_thin,minecraft:jigsaw,t_and_t-neoforge-fabric-1.13.9+1.21.1.jar
towns_and_towers:pillager_outpost_flower_forest,towns_and_towers:towers,dungeons,dungeon,beard_thin,minecraft:jigsaw,t_and_t-neoforge-fabric-1.13.9+1.21.1.jar
towns_and_towers:pillager_outpost_forest,towns_and_towers:towers,dungeons,dungeon,beard_thin,minecraft:jigsaw,t_and_t-neoforge-fabric-1.13.9+1.21.1.jar
towns_and_towers:pillager_outpost_grove,towns_and_towers:towers,dungeons,dungeon,beard_thin,minecraft:jigsaw,t_and_t-neoforge-fabric-1.13.9+1.21.1.jar
towns_and_towers:pillager_outpost_jungle,towns_and_towers:towers,dungeons,dungeon,beard_thin,minecraft:jigsaw,t_and_t-neoforge-fabric-1.13.9+1.21.1.jar
towns_and_towers:pillager_outpost_meadow,towns_and_towers:towers,dungeons,dungeon,beard_thin,minecraft:jigsaw,t_and_t-neoforge-fabric-1.13.9+1.21.1.jar
towns_and_towers:pillager_outpost_mushroom_fields,towns_and_towers:towers,dungeons,dungeon,beard_thin,minecraft:jigsaw,t_and_t-neoforge-fabric-1.13.9+1.21.1.jar
towns_and_towers:pillager_outpost_ocean,towns_and_towers:towers,dungeons,dungeon,none,minecraft:jigsaw,t_and_t-neoforge-fabric-1.13.9+1.21.1.jar
towns_and_towers:pillager_outpost_old_growth_taiga,towns_and_towers:towers,dungeons,dungeon,beard_thin,minecraft:jigsaw,t_and_t-neoforge-fabric-1.13.9+1.21.1.jar
towns_and_towers:pillager_outpost_savanna,towns_and_towers:towers,dungeons,dungeon,beard_thin,minecraft:jigsaw,t_and_t-neoforge-fabric-1.13.9+1.21.1.jar
towns_and_towers:pillager_outpost_savanna_plateau,towns_and_towers:towers,dungeons,dungeon,beard_thin,minecraft:jigsaw,t_and_t-neoforge-fabric-1.13.9+1.21.1.jar
towns_and_towers:pillager_outpost_snowy_beach,towns_and_towers:towers,dungeons,dungeon,beard_thin,minecraft:jigsaw,t_and_t-neoforge-fabric-1.13.9+1.21.1.jar
towns_and_towers:pillager_outpost_snowy_plains,towns_and_towers:towers,dungeons,dungeon,beard_thin,minecraft:jigsaw,t_and_t-neoforge-fabric-1.13.9+1.21.1.jar
towns_and_towers:pillager_outpost_snowy_slopes,towns_and_towers:towers,dungeons,dungeon,beard_thin,minecraft:jigsaw,t_and_t-neoforge-fabric-1.13.9+1.21.1.jar
towns_and_towers:pillager_outpost_snowy_taiga,towns_and_towers:towers,dungeons,dungeon,beard_thin,minecraft:jigsaw,t_and_t-neoforge-fabric-1.13.9+1.21.1.jar
towns_and_towers:pillager_outpost_sparse_jungle,towns_and_towers:towers,dungeons,dungeon,beard_thin,minecraft:jigsaw,t_and_t-neoforge-fabric-1.13.9+1.21.1.jar
towns_and_towers:pillager_outpost_sunflower_plains,towns_and_towers:towers,dungeons,dungeon,beard_thin,minecraft:jigsaw,t_and_t-neoforge-fabric-1.13.9+1.21.1.jar
towns_and_towers:pillager_outpost_swamp,towns_and_towers:towers,dungeons,dungeon,beard_thin,minecraft:jigsaw,t_and_t-neoforge-fabric-1.13.9+1.21.1.jar
towns_and_towers:pillager_outpost_taiga,towns_and_towers:towers,dungeons,dungeon,beard_thin,minecraft:jigsaw,t_and_t-neoforge-fabric-1.13.9+1.21.1.jar
towns_and_towers:pillager_outpost_wooded_badlands,towns_and_towers:towers,dungeons,dungeon,beard_thin,minecraft:jigsaw,t_and_t-neoforge-fabric-1.13.9+1.21.1.jar
minecraft:ancient_city,minecraft:ancient_cities,dungeons,dungeon,beard_box,minecraft:jigsaw,vanilla
minecraft:bastion_remnant,minecraft:nether_complexes,dungeons,dungeon,none,minecraft:jigsaw,vanilla
minecraft:end_city,minecraft:end_cities,dungeons,dungeon,none,minecraft:end_city,vanilla
minecraft:fortress,minecraft:nether_complexes,dungeons,dungeon,none,minecraft:fortress,vanilla
minecraft:mineshaft,minecraft:mineshafts,dungeons,dungeon,none,minecraft:mineshaft,vanilla
minecraft:mineshaft_mesa,minecraft:mineshafts,dungeons,dungeon,none,minecraft:mineshaft,vanilla
minecraft:pillager_outpost,minecraft:pillager_outposts,dungeons,dungeon,beard_thin,minecraft:jigsaw,vanilla
minecraft:stronghold,minecraft:strongholds,dungeons,dungeon,bury,minecraft:stronghold,vanilla
minecraft:trial_chambers,minecraft:trial_chambers,dungeons,dungeon,encapsulate,minecraft:jigsaw,vanilla
dungeons_arise:aviary,dungeons_arise:major_structures,endgame,dungeon,none,minecraft:jigsaw,DungeonsArise-1.21.1-2.1.68-fabric-release.jar
dungeons_arise:bandit_towers,dungeons_arise:major_structures,endgame,dungeon,none,minecraft:jigsaw,DungeonsArise-1.21.1-2.1.68-fabric-release.jar
dungeons_arise:bandit_village,dungeons_arise:major_structures,endgame,dungeon,beard_thin,minecraft:jigsaw,DungeonsArise-1.21.1-2.1.68-fabric-release.jar
dungeons_arise:ceryneian_hind,dungeons_arise:major_structures,endgame,dungeon,none,minecraft:jigsaw,DungeonsArise-1.21.1-2.1.68-fabric-release.jar
dungeons_arise:coliseum,dungeons_arise:major_structures,endgame,dungeon,beard_box,minecraft:jigsaw,DungeonsArise-1.21.1-2.1.68-fabric-release.jar
dungeons_arise:foundry,dungeons_arise:major_structures,endgame,dungeon,none,minecraft:jigsaw,DungeonsArise-1.21.1-2.1.68-fabric-release.jar
dungeons_arise:greenwood_pub,dungeons_arise:major_structures,endgame,dungeon,none,minecraft:jigsaw,DungeonsArise-1.21.1-2.1.68-fabric-release.jar
dungeons_arise:heavenly_challenger,dungeons_arise:major_structures,endgame,dungeon,none,minecraft:jigsaw,DungeonsArise-1.21.1-2.1.68-fabric-release.jar
dungeons_arise:heavenly_conqueror,dungeons_arise:major_structures,endgame,dungeon,none,minecraft:jigsaw,DungeonsArise-1.21.1-2.1.68-fabric-release.jar
dungeons_arise:heavenly_rider,dungeons_arise:major_structures,endgame,dungeon,none,minecraft:jigsaw,DungeonsArise-1.21.1-2.1.68-fabric-release.jar
dungeons_arise:illager_campsite,dungeons_arise:major_structures,endgame,dungeon,beard_thin,minecraft:jigsaw,DungeonsArise-1.21.1-2.1.68-fabric-release.jar
dungeons_arise:illager_corsair,dungeons_arise:major_structures,endgame,dungeon,none,minecraft:jigsaw,DungeonsArise-1.21.1-2.1.68-fabric-release.jar
dungeons_arise:illager_fort,dungeons_arise:major_structures,endgame,dungeon,beard_thin,minecraft:jigsaw,DungeonsArise-1.21.1-2.1.68-fabric-release.jar
dungeons_arise:illager_galley,dungeons_arise:major_structures,endgame,dungeon,none,minecraft:jigsaw,DungeonsArise-1.21.1-2.1.68-fabric-release.jar
dungeons_arise:illager_windmill,dungeons_arise:major_structures,endgame,dungeon,none,minecraft:jigsaw,DungeonsArise-1.21.1-2.1.68-fabric-release.jar
dungeons_arise:infested_temple,dungeons_arise:major_structures,endgame,dungeon,none,minecraft:jigsaw,DungeonsArise-1.21.1-2.1.68-fabric-release.jar
dungeons_arise:keep_kayra,dungeons_arise:major_structures,endgame,dungeon,none,minecraft:jigsaw,DungeonsArise-1.21.1-2.1.68-fabric-release.jar
dungeons_arise:kisegi_sanctuary,dungeons_arise:major_structures,endgame,dungeon,none,minecraft:jigsaw,DungeonsArise-1.21.1-2.1.68-fabric-release.jar
dungeons_arise:mechanical_nest,dungeons_arise:major_structures,endgame,dungeon,none,minecraft:jigsaw,DungeonsArise-1.21.1-2.1.68-fabric-release.jar
dungeons_arise:merchant_campsite,dungeons_arise:major_structures,endgame,dungeon,beard_thin,minecraft:jigsaw,DungeonsArise-1.21.1-2.1.68-fabric-release.jar
dungeons_arise:mining_complex,dungeons_arise:major_structures,endgame,dungeon,bury,minecraft:jigsaw,DungeonsArise-1.21.1-2.1.68-fabric-release.jar
dungeons_arise:monastery,dungeons_arise:major_structures,endgame,dungeon,beard_thin,minecraft:jigsaw,DungeonsArise-1.21.1-2.1.68-fabric-release.jar
dungeons_arise:mushroom_house,dungeons_arise:major_structures,endgame,dungeon,beard_thin,minecraft:jigsaw,DungeonsArise-1.21.1-2.1.68-fabric-release.jar
dungeons_arise:mushroom_mines,dungeons_arise:major_structures,endgame,dungeon,none,minecraft:jigsaw,DungeonsArise-1.21.1-2.1.68-fabric-release.jar
dungeons_arise:mushroom_village,dungeons_arise:major_structures,endgame,dungeon,beard_thin,minecraft:jigsaw,DungeonsArise-1.21.1-2.1.68-fabric-release.jar
dungeons_arise:plague_asylum,dungeons_arise:major_structures,endgame,dungeon,bury,minecraft:jigsaw,DungeonsArise-1.21.1-2.1.68-fabric-release.jar
dungeons_arise:scorched_mines,dungeons_arise:major_structures,endgame,dungeon,none,minecraft:jigsaw,DungeonsArise-1.21.1-2.1.68-fabric-release.jar
dungeons_arise:shiraz_palace,dungeons_arise:major_structures,endgame,dungeon,none,minecraft:jigsaw,DungeonsArise-1.21.1-2.1.68-fabric-release.jar
dungeons_arise:small_blimp,dungeons_arise:major_structures,endgame,dungeon,none,minecraft:jigsaw,DungeonsArise-1.21.1-2.1.68-fabric-release.jar
dungeons_arise:thornborn_towers,dungeons_arise:major_structures,endgame,dungeon,none,minecraft:jigsaw,DungeonsArise-1.21.1-2.1.68-fabric-release.jar
dungeons_arise:typhon,dungeons_arise:major_structures,endgame,dungeon,none,minecraft:jigsaw,DungeonsArise-1.21.1-2.1.68-fabric-release.jar
dungeons_arise:undead_pirate_ship,dungeons_arise:major_structures,endgame,dungeon,none,minecraft:jigsaw,DungeonsArise-1.21.1-2.1.68-fabric-release.jar
epic:large_dungeon,epic:large_dungeons,endgame,dungeon,none,minecraft:jigsaw,Epic Dungeons 1.2.3.jar
epic:large_ice_dungeon,epic:large_dungeons,endgame,dungeon,none,minecraft:jigsaw,Epic Dungeons 1.2.3.jar
epic:large_sand_dungeon,epic:large_dungeons,endgame,dungeon,none,minecraft:jigsaw,Epic Dungeons 1.2.3.jar
mes:mega_ship,mes:mega_ship,endgame,maritime,none,moogs_structures:moogs_structures_generic_jigsaw_structure,MoogsEndStructures-1.21-2.0.3.jar
mes:mega_ship_basic,mes:mega_ship_basic,endgame,maritime,none,moogs_structures:moogs_structures_generic_jigsaw_structure,MoogsEndStructures-1.21-2.0.3.jar
mes:mega_ship_crashed,mes:mega_ship_crashed,endgame,maritime,beard_thin,moogs_structures:moogs_structures_generic_jigsaw_structure,MoogsEndStructures-1.21-2.0.3.jar
mes:mega_ship_crashed_2,mes:mega_ship_crashed_2,endgame,maritime,beard_thin,moogs_structures:moogs_structures_generic_jigsaw_structure,MoogsEndStructures-1.21-2.0.3.jar
mes:mega_ship_crashed_deepslate,mes:mega_ship_crashed_deepslate,endgame,maritime,beard_thin,moogs_structures:moogs_structures_generic_jigsaw_structure,MoogsEndStructures-1.21-2.0.3.jar
mes:mega_ship_deepslate,mes:mega_ship_deepslate,endgame,maritime,none,moogs_structures:moogs_structures_generic_jigsaw_structure,MoogsEndStructures-1.21-2.0.3.jar
mes:mega_ship_deepslate_2,mes:mega_ship_deepslate_2,endgame,maritime,none,moogs_structures:moogs_structures_generic_jigsaw_structure,MoogsEndStructures-1.21-2.0.3.jar
mes:mega_ship_deepslate_3,mes:mega_ship_deepslate_3,endgame,maritime,none,moogs_structures:moogs_structures_generic_jigsaw_structure,MoogsEndStructures-1.21-2.0.3.jar
mns:dragon_arena,mns:mega_arenas,endgame,dungeon,none,moogs_structures:moogs_structures_generic_nether_jigsaw_structure,MoogsNetherStructures-1.21-3.0.0.jar
mns:large_arena,mns:mega_arenas,endgame,dungeon,none,moogs_structures:moogs_structures_generic_nether_jigsaw_structure,MoogsNetherStructures-1.21-3.0.0.jar
mns:mega_fortress,mns:mega_fortress,endgame,dungeon,none,moogs_structures:moogs_structures_generic_nether_jigsaw_structure,MoogsNetherStructures-1.21-3.0.0.jar
mns:small_arena,mns:mega_arenas,endgame,dungeon,beard_box,moogs_structures:moogs_structures_generic_nether_jigsaw_structure,MoogsNetherStructures-1.21-3.0.0.jar
mss:arena,mss:arena,endgame,dungeon,none,moogs_structures:moogs_structures_generic_jigsaw_structure,MoogsSoaringStructures-1.21-2.1.2.jar
mtr:stronghold,mtr:stronghold,endgame,dungeon,bury,moogs_structures:moogs_structures_generic_jigsaw_structure,MoogsTemplesReimagined-1.21-1.1.3.jar
betterstrongholds:stronghold,betterstrongholds:stronghold,endgame,dungeon,none,yungsapi:yung_jigsaw,YungsBetterStrongholds-1.21.1-Fabric-5.1.3.jar
nova_structures:illager_manor,minecraft:woodland_mansions,endgame,dungeon,none,minecraft:jigsaw,dungeons-and-taverns-v4.4.4.jar
nova_structures:lone_citadel,nova_structures:stray_fort,endgame,dungeon,none,minecraft:jigsaw,dungeons-and-taverns-v4.4.4.jar
nova_structures:stray_fort,nova_structures:stray_fort,endgame,dungeon,beard_box,minecraft:jigsaw,dungeons-and-taverns-v4.4.4.jar
minecraft:mansion,minecraft:woodland_mansions,endgame,dungeon,none,minecraft:woodland_mansion,vanilla
explorify:badlands_pyramid,explorify:badlands_pyramids,landmarks,landmark,none,minecraft:jigsaw,Explorify v1.6.5.mod.jar
explorify:black_spiral,explorify:black_spirals,landmarks,landmark,none,minecraft:jigsaw,Explorify v1.6.5.mod.jar
explorify:desert_shrine,explorify:desert_shrines,landmarks,landmark,none,minecraft:jigsaw,Explorify v1.6.5.mod.jar
explorify:mausoleum,explorify:mausoleums,landmarks,landmark,beard_thin,minecraft:jigsaw,Explorify v1.6.5.mod.jar
explorify:watchtower/plains,explorify:watchtowers,landmarks,landmark,beard_thin,minecraft:jigsaw,Explorify v1.6.5.mod.jar
explorify:watchtower/savanna,explorify:watchtowers,landmarks,landmark,beard_thin,minecraft:jigsaw,Explorify v1.6.5.mod.jar
explorify:watchtower/taiga,explorify:watchtowers,landmarks,landmark,beard_thin,minecraft:jigsaw,Explorify v1.6.5.mod.jar
mes:ender_spire,mes:ender_spire,landmarks,landmark,beard_thin,moogs_structures:moogs_structures_generic_jigsaw_structure,MoogsEndStructures-1.21-2.0.3.jar
mes:enderkeep_courtyard,mes:enderkeep_courtyard,landmarks,landmark,beard_thin,moogs_structures:moogs_structures_generic_jigsaw_structure,MoogsEndStructures-1.21-2.0.3.jar
mes:enderwatch_tower,mes:enderwatch_tower,landmarks,landmark,beard_thin,moogs_structures:moogs_structures_generic_jigsaw_structure,MoogsEndStructures-1.21-2.0.3.jar
mes:manuscript_shrine,mes:manuscript_shrine,landmarks,landmark,beard_thin,moogs_structures:moogs_structures_generic_jigsaw_structure,MoogsEndStructures-1.21-2.0.3.jar
mes:monolith,mes:monolith,landmarks,landmark,beard_thin,moogs_structures:moogs_structures_generic_jigsaw_structure,MoogsEndStructures-1.21-2.0.3.jar
mes:mystical_archway,mes:mystical_archway,landmarks,landmark,beard_thin,moogs_structures:moogs_structures_generic_jigsaw_structure,MoogsEndStructures-1.21-2.0.3.jar
mns:bridge_1,mns:bridge_1,landmarks,landmark,none,moogs_structures:moogs_structures_generic_nether_jigsaw_structure,MoogsNetherStructures-1.21-3.0.0.jar
mns:bridge_2,mns:bridge_2,landmarks,landmark,none,moogs_structures:moogs_structures_generic_nether_jigsaw_structure,MoogsNetherStructures-1.21-3.0.0.jar
mns:bridge_3,mns:bridge_3,landmarks,landmark,none,moogs_structures:moogs_structures_generic_nether_jigsaw_structure,MoogsNetherStructures-1.21-3.0.0.jar
mns:bridge_4,mns:bridge_4,landmarks,landmark,none,moogs_structures:moogs_structures_generic_nether_jigsaw_structure,MoogsNetherStructures-1.21-3.0.0.jar
mns:bridge_5,mns:bridge_5,landmarks,landmark,none,moogs_structures:moogs_structures_generic_nether_jigsaw_structure,MoogsNetherStructures-1.21-3.0.0.jar
mns:bridge_6,mns:bridge_6,landmarks,landmark,none,moogs_structures:moogs_structures_generic_nether_jigsaw_structure,MoogsNetherStructures-1.21-3.0.0.jar
mns:copper_tower,mns:copper_tower,landmarks,landmark,beard_thin,moogs_structures:moogs_structures_generic_nether_jigsaw_structure,MoogsNetherStructures-1.21-3.0.0.jar
mns:crimson_forge,mns:crimson_forge,landmarks,landmark,beard_thin,moogs_structures:moogs_structures_generic_nether_jigsaw_structure,MoogsNetherStructures-1.21-3.0.0.jar
mns:nether_tower,mns:nether_tower,landmarks,landmark,beard_thin,moogs_structures:moogs_structures_generic_nether_jigsaw_structure,MoogsNetherStructures-1.21-3.0.0.jar
mns:shrine,mns:shrine,landmarks,landmark,beard_thin,moogs_structures:moogs_structures_generic_nether_jigsaw_structure,MoogsNetherStructures-1.21-3.0.0.jar
mns:smoking_shrine,mns:shrine,landmarks,landmark,beard_thin,moogs_structures:moogs_structures_generic_nether_jigsaw_structure,MoogsNetherStructures-1.21-3.0.0.jar
mns:sword,mns:sword,landmarks,landmark,beard_thin,moogs_structures:moogs_structures_generic_nether_jigsaw_structure,MoogsNetherStructures-1.21-3.0.0.jar
mns:train,mns:train,landmarks,landmark,beard_thin,moogs_structures:moogs_structures_generic_nether_jigsaw_structure,MoogsNetherStructures-1.21-3.0.0.jar
mss:castle_ruin,mss:castle_ruin,landmarks,landmark,none,moogs_structures:moogs_structures_generic_jigsaw_structure,MoogsSoaringStructures-1.21-2.1.2.jar
mss:castle_tower,mss:castle_tower,landmarks,landmark,none,moogs_structures:moogs_structures_generic_jigsaw_structure,MoogsSoaringStructures-1.21-2.1.2.jar
mss:desert_pyramid,mss:desert_pyramid,landmarks,landmark,none,moogs_structures:moogs_structures_generic_jigsaw_structure,MoogsSoaringStructures-1.21-2.1.2.jar
mss:large_tower,mss:large_tower,landmarks,landmark,none,moogs_structures:moogs_structures_generic_jigsaw_structure,MoogsSoaringStructures-1.21-2.1.2.jar
mss:nether_portal,mss:nether_portal,landmarks,landmark,none,moogs_structures:moogs_structures_generic_jigsaw_structure,MoogsSoaringStructures-1.21-2.1.2.jar
mss:small_tower,mss:small_tower,landmarks,landmark,none,moogs_structures:moogs_structures_generic_jigsaw_structure,MoogsSoaringStructures-1.21-2.1.2.jar
mss:volcano,mss:volcano,landmarks,landmark,none,moogs_structures:moogs_structures_generic_jigsaw_structure,MoogsSoaringStructures-1.21-2.1.2.jar
mtr:badlands_temple,mtr:badlands_temple,landmarks,landmark,beard_thin,moogs_structures:moogs_structures_generic_jigsaw_structure,MoogsTemplesReimagined-1.21-1.1.3.jar
mtr:desert_temple,mtr:desert_temple,landmarks,landmark,beard_thin,moogs_structures:moogs_structures_generic_jigsaw_structure,MoogsTemplesReimagined-1.21-1.1.3.jar
mtr:jungle_temple,mtr:jungle_temple,landmarks,landmark,beard_thin,moogs_structures:moogs_structures_generic_jigsaw_structure,MoogsTemplesReimagined-1.21-1.1.3.jar
mtr:nether_temple,mtr:nether_temple,landmarks,landmark,beard_box,moogs_structures:moogs_structures_generic_nether_jigsaw_structure,MoogsTemplesReimagined-1.21-1.1.3.jar
mvs:cartographer_tower,mvs:cartographer_tower,landmarks,landmark,beard_thin,moogs_structures:moogs_structures_generic_jigsaw_structure,MoogsVoyagerStructures-1.21-5.0.14.jar
mvs:castle_ruins,mvs:castle_ruins,landmarks,landmark,beard_thin,moogs_structures:moogs_structures_generic_jigsaw_structure,MoogsVoyagerStructures-1.21-5.0.14.jar
mvs:cathedral,mvs:cathedral,landmarks,landmark,beard_thin,moogs_structures:moogs_structures_generic_jigsaw_structure,MoogsVoyagerStructures-1.21-5.0.14.jar
mvs:crystal,mvs:crystal,landmarks,landmark,beard_thin,moogs_structures:moogs_structures_generic_jigsaw_structure,MoogsVoyagerStructures-1.21-5.0.14.jar
mvs:diorite_tower,mvs:diorite_tower,landmarks,landmark,beard_thin,moogs_structures:moogs_structures_generic_jigsaw_structure,MoogsVoyagerStructures-1.21-5.0.14.jar
mvs:duck,mvs:duck,landmarks,landmark,beard_thin,moogs_structures:moogs_structures_generic_jigsaw_structure,MoogsVoyagerStructures-1.21-5.0.14.jar
mvs:jungle_tower,mvs:jungle_tower,landmarks,landmark,beard_thin,moogs_structures:moogs_structures_generic_jigsaw_structure,MoogsVoyagerStructures-1.21-5.0.14.jar
mvs:large_warped_tower,mvs:large_warped_tower,landmarks,landmark,beard_thin,moogs_structures:moogs_structures_generic_jigsaw_structure,MoogsVoyagerStructures-1.21-5.0.14.jar
mvs:mushroom_statue,mvs:mushroom_statue,landmarks,landmark,beard_thin,moogs_structures:moogs_structures_generic_jigsaw_structure,MoogsVoyagerStructures-1.21-5.0.14.jar
mvs:red_tower,mvs:red_tower,landmarks,landmark,beard_thin,moogs_structures:moogs_structures_generic_jigsaw_structure,MoogsVoyagerStructures-1.21-5.0.14.jar
mvs:small_tower_well,mvs:small_tower_well,landmarks,landmark,beard_thin,moogs_structures:moogs_structures_generic_jigsaw_structure,MoogsVoyagerStructures-1.21-5.0.14.jar
mvs:statue_ruins,mvs:statue_ruins,landmarks,landmark,beard_thin,moogs_structures:moogs_structures_generic_jigsaw_structure,MoogsVoyagerStructures-1.21-5.0.14.jar
mvs:stone_fountain,mvs:stone_fountain,landmarks,landmark,beard_thin,moogs_structures:moogs_structures_generic_jigsaw_structure,MoogsVoyagerStructures-1.21-5.0.14.jar
mvs:sunzi_gate,mvs:sunzi_gate,landmarks,landmark,beard_thin,moogs_structures:moogs_structures_generic_jigsaw_structure,MoogsVoyagerStructures-1.21-5.0.14.jar
mvs:tree_monument,mvs:tree_monument,landmarks,landmark,beard_thin,moogs_structures:moogs_structures_generic_jigsaw_structure,MoogsVoyagerStructures-1.21-5.0.14.jar
philipsruins:ancient_towers,philipsruins:ancient_towers,landmarks,landmark,beard_thin,minecraft:jigsaw,Philips-Ruins1.21.1-1.9-Fabric.jar
structory_towers:ancient_temple,structory_towers:towers,landmarks,landmark,beard_thin,minecraft:jigsaw,Structory_Towers_26.2_v1.0.17.jar
structory_towers:end/end_tower,structory_towers:end_towers,landmarks,landmark,none,minecraft:jigsaw,Structory_Towers_26.2_v1.0.17.jar
structory_towers:engineer_tower,structory_towers:towers,landmarks,landmark,beard_thin,minecraft:jigsaw,Structory_Towers_26.2_v1.0.17.jar
structory_towers:farmer_outpost,structory_towers:towers,landmarks,landmark,beard_thin,minecraft:jigsaw,Structory_Towers_26.2_v1.0.17.jar
structory_towers:foraging_outpost,structory_towers:towers,landmarks,landmark,beard_thin,minecraft:jigsaw,Structory_Towers_26.2_v1.0.17.jar
structory_towers:great_toadstool,structory_towers:towers,landmarks,landmark,beard_thin,minecraft:jigsaw,Structory_Towers_26.2_v1.0.17.jar
structory_towers:lighthouse,structory_towers:towers,landmarks,landmark,beard_thin,minecraft:jigsaw,Structory_Towers_26.2_v1.0.17.jar
structory_towers:mirage_outpost,structory_towers:rare_towers,landmarks,landmark,beard_thin,minecraft:jigsaw,Structory_Towers_26.2_v1.0.17.jar
structory_towers:nether/fortress_tower,structory_towers:nether_towers,landmarks,landmark,beard_box,minecraft:jigsaw,Structory_Towers_26.2_v1.0.17.jar
structory_towers:nether/strange_outpost,structory_towers:nether_towers,landmarks,landmark,beard_box,minecraft:jigsaw,Structory_Towers_26.2_v1.0.17.jar
structory_towers:nether/warped_outpost,structory_towers:nether_towers,landmarks,landmark,none,minecraft:jigsaw,Structory_Towers_26.2_v1.0.17.jar
structory_towers:nomad_outpost,structory_towers:towers,landmarks,landmark,beard_thin,minecraft:jigsaw,Structory_Towers_26.2_v1.0.17.jar
structory_towers:ocean_pillar,structory_towers:towers,landmarks,landmark,beard_thin,minecraft:jigsaw,Structory_Towers_26.2_v1.0.17.jar
structory_towers:overgrown_mangrove,structory_towers:towers,landmarks,landmark,beard_thin,minecraft:jigsaw,Structory_Towers_26.2_v1.0.17.jar
structory_towers:pillager_lookout,structory_towers:rare_towers,landmarks,landmark,beard_thin,minecraft:jigsaw,Structory_Towers_26.2_v1.0.17.jar
structory_towers:quarter_outpost,structory_towers:towers,landmarks,landmark,beard_thin,minecraft:jigsaw,Structory_Towers_26.2_v1.0.17.jar
structory_towers:sacred_relic_temple,structory_towers:rare_towers,landmarks,landmark,beard_thin,minecraft:jigsaw,Structory_Towers_26.2_v1.0.17.jar
structory_towers:small_firetower,structory_towers:towers,landmarks,landmark,beard_thin,minecraft:jigsaw,Structory_Towers_26.2_v1.0.17.jar
structory_towers:taiga_outpost,structory_towers:towers,landmarks,landmark,beard_thin,minecraft:jigsaw,Structory_Towers_26.2_v1.0.17.jar
structory_towers:warped_greatsword,structory_towers:ultra_rare_towers,landmarks,landmark,beard_box,minecraft:jigsaw,Structory_Towers_26.2_v1.0.17.jar
structory_towers:wizard_tower,structory_towers:towers,landmarks,landmark,beard_thin,minecraft:jigsaw,Structory_Towers_26.2_v1.0.17.jar
terralith:mage_complex,terralith:mage,landmarks,landmark,beard_thin,minecraft:jigsaw,Terralith_1.21.x_v2.6.2.jar
terralith:mage_tower,terralith:mage,landmarks,landmark,beard_thin,minecraft:jigsaw,Terralith_1.21.x_v2.6.2.jar
terralith:mage_tower_autumn,terralith:mage,landmarks,landmark,beard_thin,minecraft:jigsaw,Terralith_1.21.x_v2.6.2.jar
terralith:mage_tower_spring,terralith:mage,landmarks,landmark,beard_thin,minecraft:jigsaw,Terralith_1.21.x_v2.6.2.jar
terralith:mage_tower_summer,terralith:mage,landmarks,landmark,beard_thin,minecraft:jigsaw,Terralith_1.21.x_v2.6.2.jar
terralith:mage_tower_winter,terralith:mage,landmarks,landmark,beard_thin,minecraft:jigsaw,Terralith_1.21.x_v2.6.2.jar
nova_structures:end_castle,nova_structures:end_castle,landmarks,landmark,none,minecraft:jigsaw,dungeons-and-taverns-v4.4.4.jar
nova_structures:shrine_tower,nova_structures:shrine_tower,landmarks,landmark,none,minecraft:jigsaw,dungeons-and-taverns-v4.4.4.jar
paradise_lost:aurel_tower,paradise_lost:aurel_tower,landmarks,landmark,beard_thin,paradise_lost:aurel_tower,paradise-lost-2.4.6-beta+1.21.1.jar
paradise_lost:birdcage,paradise_lost:birdcage,landmarks,landmark,none,minecraft:jigsaw,paradise-lost-2.4.6-beta+1.21.1.jar
paradise_lost:palace,paradise_lost:palace,landmarks,landmark,none,minecraft:jigsaw,paradise-lost-2.4.6-beta+1.21.1.jar
minecraft:desert_pyramid,minecraft:desert_pyramids,landmarks,landmark,none,minecraft:desert_pyramid,vanilla
minecraft:igloo,minecraft:igloos,landmarks,landmark,none,minecraft:igloo,vanilla
minecraft:jungle_pyramid,minecraft:jungle_temples,landmarks,landmark,none,minecraft:jungle_temple,vanilla
explorify:supply_cache/birch,explorify:supply_caches,loot,loot,beard_thin,minecraft:jigsaw,Explorify v1.6.5.mod.jar
explorify:supply_cache/dark,explorify:supply_caches,loot,loot,beard_thin,minecraft:jigsaw,Explorify v1.6.5.mod.jar
explorify:supply_cache/desert,explorify:supply_caches,loot,loot,beard_thin,minecraft:jigsaw,Explorify v1.6.5.mod.jar
explorify:supply_cache/forest,explorify:supply_caches,loot,loot,beard_thin,minecraft:jigsaw,Explorify v1.6.5.mod.jar
explorify:supply_cache/jungle,explorify:supply_caches,loot,loot,beard_thin,minecraft:jigsaw,Explorify v1.6.5.mod.jar
explorify:supply_cache/mangrove,explorify:supply_caches,loot,loot,beard_thin,minecraft:jigsaw,Explorify v1.6.5.mod.jar
explorify:supply_cache/taiga,explorify:supply_caches,loot,loot,beard_thin,minecraft:jigsaw,Explorify v1.6.5.mod.jar
mvs:crimson_enchanting_table,mvs:crimson_enchanting_table,loot,loot,beard_thin,moogs_structures:moogs_structures_generic_nether_jigsaw_structure,MoogsVoyagerStructures-1.21-5.0.14.jar
mvs:lamp_chest,mvs:lamp_chest,loot,loot,beard_thin,moogs_structures:moogs_structures_generic_jigsaw_structure,MoogsVoyagerStructures-1.21-5.0.14.jar
mvs:lecturn_garden,mvs:lecturn_garden,loot,loot,beard_thin,moogs_structures:moogs_structures_generic_jigsaw_structure,MoogsVoyagerStructures-1.21-5.0.14.jar
mvs:ruined_beacon,mvs:ruined_beacon,loot,loot,beard_thin,moogs_structures:moogs_structures_generic_jigsaw_structure,MoogsVoyagerStructures-1.21-5.0.14.jar
nova_structures:shrine_combat_tier_1,nova_structures:shrines,loot,loot,none,minecraft:jigsaw,dungeons-and-taverns-v4.4.4.jar
nova_structures:shrine_combat_tier_2,nova_structures:shrines,loot,loot,none,minecraft:jigsaw,dungeons-and-taverns-v4.4.4.jar
nova_structures:shrine_combat_tier_3,nova_structures:shrines,loot,loot,none,minecraft:jigsaw,dungeons-and-taverns-v4.4.4.jar
nova_structures:shrine_combat_tier_4,nova_structures:shrines,loot,loot,none,minecraft:jigsaw,dungeons-and-taverns-v4.4.4.jar
nova_structures:shrine_combat_tier_5,nova_structures:shrines,loot,loot,none,minecraft:jigsaw,dungeons-and-taverns-v4.4.4.jar
minecraft:buried_treasure,minecraft:buried_treasures,loot,loot,none,minecraft:buried_treasure,vanilla
explorify:end_shipwreck,explorify:end_shipwrecks,maritime,maritime,none,minecraft:jigsaw,Explorify v1.6.5.mod.jar
mes:starlight_voyager,mes:starlight_voyager,maritime,maritime,none,moogs_structures:moogs_structures_generic_jigsaw_structure,MoogsEndStructures-1.21-2.0.3.jar
mtr:ocean_temple,mtr:ocean_temple,maritime,maritime,beard_thin,moogs_structures:moogs_structures_generic_jigsaw_structure,MoogsTemplesReimagined-1.21-1.1.3.jar
mvs:ocean_tower,mvs:ocean_tower,maritime,maritime,beard_thin,moogs_structures:moogs_structures_generic_jigsaw_structure,MoogsVoyagerStructures-1.21-5.0.14.jar
mvs:small_ship,mvs:small_ship,maritime,maritime,none,moogs_structures:moogs_structures_generic_jigsaw_structure,MoogsVoyagerStructures-1.21-5.0.14.jar
philipsruins:ocean_ruins,philipsruins:ocean_ruins,maritime,maritime,beard_thin,minecraft:jigsaw,Philips-Ruins1.21.1-1.9-Fabric.jar
nova_structures:conduit_ruin,nova_structures:conduit_ruin,maritime,maritime,none,minecraft:jigsaw,dungeons-and-taverns-v4.4.4.jar
nova_structures:end_lighthouse,nova_structures:end_lighthouses,maritime,maritime,none,minecraft:jigsaw,dungeons-and-taverns-v4.4.4.jar
nova_structures:end_ship,nova_structures:end_ship,maritime,maritime,none,minecraft:jigsaw,dungeons-and-taverns-v4.4.4.jar
supplementaries:galleon,supplementaries:galleons,maritime,maritime,none,supplementaries:galleon,supplementaries-fabric-1.21.1-3.8.2.jar
minecraft:monument,minecraft:ocean_monuments,maritime,maritime,none,minecraft:ocean_monument,vanilla
minecraft:ocean_ruin_cold,minecraft:ocean_ruins,maritime,maritime,none,minecraft:ocean_ruin,vanilla
minecraft:ocean_ruin_warm,minecraft:ocean_ruins,maritime,maritime,none,minecraft:ocean_ruin,vanilla
minecraft:shipwreck,minecraft:shipwrecks,maritime,maritime,none,minecraft:shipwreck,vanilla
minecraft:shipwreck_beached,minecraft:shipwrecks,maritime,maritime,none,minecraft:shipwreck,vanilla
dungeons_arise:abandoned_temple,dungeons_arise:minor_structures,settlements,settlement,beard_thin,minecraft:jigsaw,DungeonsArise-1.21.1-2.1.68-fabric-release.jar
dungeons_arise:bathhouse,dungeons_arise:minor_structures,settlements,settlement,beard_box,minecraft:jigsaw,DungeonsArise-1.21.1-2.1.68-fabric-release.jar
dungeons_arise:fishing_hut,dungeons_arise:minor_structures,settlements,settlement,none,minecraft:jigsaw,DungeonsArise-1.21.1-2.1.68-fabric-release.jar
dungeons_arise:jungle_tree_house,dungeons_arise:minor_structures,settlements,settlement,none,minecraft:jigsaw,DungeonsArise-1.21.1-2.1.68-fabric-release.jar
dungeons_arise:lighthouse,dungeons_arise:minor_structures,settlements,settlement,none,minecraft:jigsaw,DungeonsArise-1.21.1-2.1.68-fabric-release.jar
dungeons_arise:wishing_well,dungeons_arise:minor_structures,settlements,settlement,none,minecraft:jigsaw,DungeonsArise-1.21.1-2.1.68-fabric-release.jar
explorify:campsite,explorify:campsites,settlements,settlement,beard_thin,minecraft:jigsaw,Explorify v1.6.5.mod.jar
explorify:dark_forest_settlement,explorify:dark_forest_settlements,settlements,settlement,beard_thin,minecraft:jigsaw,Explorify v1.6.5.mod.jar
explorify:farmstead,explorify:farmsteads,settlements,settlement,beard_thin,minecraft:jigsaw,Explorify v1.6.5.mod.jar
explorify:mangrove_hut,explorify:mangrove_huts,settlements,settlement,none,minecraft:jigsaw,Explorify v1.6.5.mod.jar
explorify:tavern,explorify:taverns,settlements,settlement,beard_thin,minecraft:jigsaw,Explorify v1.6.5.mod.jar
incendium:abandoned_tower,incendium:lesser_structures,settlements,settlement,none,minecraft:jigsaw,Incendium_1.21.x_v5.4.4.jar
incendium:infernal_altar,incendium:lesser_structures,settlements,settlement,beard_thin,minecraft:jigsaw,Incendium_1.21.x_v5.4.4.jar
incendium:piglin_village,incendium:lesser_structures,settlements,settlement,beard_thin,minecraft:jigsaw,Incendium_1.21.x_v5.4.4.jar
incendium:pipeline,incendium:lesser_structures,settlements,settlement,none,minecraft:jigsaw,Incendium_1.21.x_v5.4.4.jar
incendium:quartz_kitchen,incendium:lesser_structures,settlements,settlement,none,minecraft:jigsaw,Incendium_1.21.x_v5.4.4.jar
incendium:ruined_lab,incendium:lesser_structures,settlements,settlement,beard_thin,minecraft:jigsaw,Incendium_1.21.x_v5.4.4.jar
mes:astral_hideaway,mes:astral_hideaway,settlements,settlement,beard_thin,moogs_structures:moogs_structures_generic_jigsaw_structure,MoogsEndStructures-1.21-2.0.3.jar
mns:large_house_1,mns:large_house_1,settlements,settlement,beard_thin,moogs_structures:moogs_structures_generic_nether_jigsaw_structure,MoogsNetherStructures-1.21-3.0.0.jar
mns:medium_house,mns:medium_house,settlements,settlement,beard_thin,moogs_structures:moogs_structures_generic_nether_jigsaw_structure,MoogsNetherStructures-1.21-3.0.0.jar
mns:medium_house_2,mns:medium_house_2,settlements,settlement,beard_thin,moogs_structures:moogs_structures_generic_nether_jigsaw_structure,MoogsNetherStructures-1.21-3.0.0.jar
mns:nether_wart_farm,mns:nether_wart_farm,settlements,settlement,beard_thin,moogs_structures:moogs_structures_generic_nether_jigsaw_structure,MoogsNetherStructures-1.21-3.0.0.jar
mns:warped_house,mns:warped_house,settlements,settlement,beard_thin,moogs_structures:moogs_structures_generic_nether_jigsaw_structure,MoogsNetherStructures-1.21-3.0.0.jar
mss:calcite_house,mss:calcite_house,settlements,settlement,none,moogs_structures:moogs_structures_generic_jigsaw_structure,MoogsSoaringStructures-1.21-2.1.2.jar
mss:diorite_house,mss:diorite_house,settlements,settlement,none,moogs_structures:moogs_structures_generic_jigsaw_structure,MoogsSoaringStructures-1.21-2.1.2.jar
mss:small_deepslate_house,mss:small_deepslate_house,settlements,settlement,none,moogs_structures:moogs_structures_generic_jigsaw_structure,MoogsSoaringStructures-1.21-2.1.2.jar
mss:small_oak_house,mss:small_oak_house,settlements,settlement,none,moogs_structures:moogs_structures_generic_jigsaw_structure,MoogsSoaringStructures-1.21-2.1.2.jar
mss:spruce_huts,mss:spruce_huts,settlements,settlement,none,moogs_structures:moogs_structures_generic_jigsaw_structure,MoogsSoaringStructures-1.21-2.1.2.jar
mss:white_house,mss:white_house,settlements,settlement,none,moogs_structures:moogs_structures_generic_jigsaw_structure,MoogsSoaringStructures-1.21-2.1.2.jar
mvs:azelea_house,mvs:azelea_house,settlements,settlement,beard_thin,moogs_structures:moogs_structures_generic_jigsaw_structure,MoogsVoyagerStructures-1.21-5.0.14.jar
mvs:barn,mvs:barn,settlements,settlement,beard_thin,moogs_structures:moogs_structures_generic_jigsaw_structure,MoogsVoyagerStructures-1.21-5.0.14.jar
mvs:beach_bar,mvs:beach_bar,settlements,settlement,beard_thin,moogs_structures:moogs_structures_generic_jigsaw_structure,MoogsVoyagerStructures-1.21-5.0.14.jar
mvs:bee_dome,mvs:bee_dome,settlements,settlement,beard_thin,moogs_structures:moogs_structures_generic_jigsaw_structure,MoogsVoyagerStructures-1.21-5.0.14.jar
mvs:blue_stall,mvs:stalls,settlements,settlement,beard_thin,moogs_structures:moogs_structures_generic_jigsaw_structure,MoogsVoyagerStructures-1.21-5.0.14.jar
mvs:campsite,mvs:campsite,settlements,settlement,beard_thin,moogs_structures:moogs_structures_generic_jigsaw_structure,MoogsVoyagerStructures-1.21-5.0.14.jar
mvs:deepslate_house,mvs:deepslate_house,settlements,settlement,beard_thin,moogs_structures:moogs_structures_generic_jigsaw_structure,MoogsVoyagerStructures-1.21-5.0.14.jar
mvs:desert_house,mvs:desert_house,settlements,settlement,beard_thin,moogs_structures:moogs_structures_generic_jigsaw_structure,MoogsVoyagerStructures-1.21-5.0.14.jar
mvs:diorite_and_deepslate_house,mvs:diorite_and_deepslate_house,settlements,settlement,beard_thin,moogs_structures:moogs_structures_generic_jigsaw_structure,MoogsVoyagerStructures-1.21-5.0.14.jar
mvs:fire_camp,mvs:fire_camp,settlements,settlement,beard_thin,moogs_structures:moogs_structures_generic_jigsaw_structure,MoogsVoyagerStructures-1.21-5.0.14.jar
mvs:fox_hut,mvs:fox_hut,settlements,settlement,beard_thin,moogs_structures:moogs_structures_generic_jigsaw_structure,MoogsVoyagerStructures-1.21-5.0.14.jar
mvs:horse_campsite,mvs:horse_campsite,settlements,settlement,beard_thin,moogs_structures:moogs_structures_generic_jigsaw_structure,MoogsVoyagerStructures-1.21-5.0.14.jar
mvs:horse_pen,mvs:horse_pen,settlements,settlement,beard_thin,moogs_structures:moogs_structures_generic_jigsaw_structure,MoogsVoyagerStructures-1.21-5.0.14.jar
mvs:house,mvs:house,settlements,settlement,beard_thin,moogs_structures:moogs_structures_generic_jigsaw_structure,MoogsVoyagerStructures-1.21-5.0.14.jar
mvs:medium_igloo_1,mvs:medium_igloo_1,settlements,settlement,beard_thin,moogs_structures:moogs_structures_generic_jigsaw_structure,MoogsVoyagerStructures-1.21-5.0.14.jar
mvs:mine_with_campsite,mvs:mine_with_campsite,settlements,settlement,beard_thin,moogs_structures:moogs_structures_generic_jigsaw_structure,MoogsVoyagerStructures-1.21-5.0.14.jar
mvs:mud_brick_house_1,mvs:mud_brick_house_1,settlements,settlement,beard_thin,moogs_structures:moogs_structures_generic_jigsaw_structure,MoogsVoyagerStructures-1.21-5.0.14.jar
mvs:orange_stall,mvs:stalls,settlements,settlement,beard_thin,moogs_structures:moogs_structures_generic_jigsaw_structure,MoogsVoyagerStructures-1.21-5.0.14.jar
mvs:out_house,mvs:out_house,settlements,settlement,beard_thin,moogs_structures:moogs_structures_generic_jigsaw_structure,MoogsVoyagerStructures-1.21-5.0.14.jar
mvs:pink_stall,mvs:stalls,settlements,settlement,beard_thin,moogs_structures:moogs_structures_generic_jigsaw_structure,MoogsVoyagerStructures-1.21-5.0.14.jar
mvs:prismarine_house_1,mvs:prismarine_house_1,settlements,settlement,beard_thin,moogs_structures:moogs_structures_generic_jigsaw_structure,MoogsVoyagerStructures-1.21-5.0.14.jar
mvs:prismarine_house_2,mvs:prismarine_house_2,settlements,settlement,beard_thin,moogs_structures:moogs_structures_generic_jigsaw_structure,MoogsVoyagerStructures-1.21-5.0.14.jar
mvs:red_stall,mvs:stalls,settlements,settlement,beard_thin,moogs_structures:moogs_structures_generic_jigsaw_structure,MoogsVoyagerStructures-1.21-5.0.14.jar
mvs:shed,mvs:shed,settlements,settlement,beard_thin,moogs_structures:moogs_structures_generic_jigsaw_structure,MoogsVoyagerStructures-1.21-5.0.14.jar
mvs:small_igloo,mvs:small_igloo,settlements,settlement,beard_thin,moogs_structures:moogs_structures_generic_jigsaw_structure,MoogsVoyagerStructures-1.21-5.0.14.jar
mvs:small_swamp_house,mvs:small_swamp_house,settlements,settlement,beard_thin,moogs_structures:moogs_structures_generic_jigsaw_structure,MoogsVoyagerStructures-1.21-5.0.14.jar
mvs:snowy_dog_hut,mvs:snowy_dog_hut,settlements,settlement,beard_thin,moogs_structures:moogs_structures_generic_jigsaw_structure,MoogsVoyagerStructures-1.21-5.0.14.jar
mvs:tall_house,mvs:tall_house,settlements,settlement,beard_thin,moogs_structures:moogs_structures_generic_jigsaw_structure,MoogsVoyagerStructures-1.21-5.0.14.jar
mvs:warped_house,mvs:warped_house,settlements,settlement,beard_thin,moogs_structures:moogs_structures_generic_jigsaw_structure,MoogsVoyagerStructures-1.21-5.0.14.jar
mvs:windmill,mvs:windmill,settlements,settlement,beard_thin,moogs_structures:moogs_structures_generic_jigsaw_structure,MoogsVoyagerStructures-1.21-5.0.14.jar
mvs:wooden_wheat_farm,mvs:wooden_wheat_farm,settlements,settlement,beard_thin,moogs_structures:moogs_structures_generic_jigsaw_structure,MoogsVoyagerStructures-1.21-5.0.14.jar
terralith:desert_outpost,terralith:regular,settlements,settlement,beard_thin,minecraft:jigsaw,Terralith_1.21.x_v2.6.2.jar
terralith:fortified_desert_village,terralith:rare_village,settlements,settlement,beard_thin,minecraft:jigsaw,Terralith_1.21.x_v2.6.2.jar
terralith:fortified_village,terralith:rare_village,settlements,settlement,beard_thin,minecraft:jigsaw,Terralith_1.21.x_v2.6.2.jar
terralith:glacial_hut,terralith:regular,settlements,settlement,beard_thin,minecraft:jigsaw,Terralith_1.21.x_v2.6.2.jar
terralith:igloo,terralith:regular,settlements,settlement,beard_thin,minecraft:jigsaw,Terralith_1.21.x_v2.6.2.jar
terralith:underground/giant_bee_hive,terralith:underground,settlements,settlement,bury,minecraft:jigsaw,Terralith_1.21.x_v2.6.2.jar
terralith:underground/mining_outpost,terralith:underground,settlements,settlement,beard_box,minecraft:jigsaw,Terralith_1.21.x_v2.6.2.jar
terralith:underground/oak_cabin,terralith:underground,settlements,settlement,beard_box,minecraft:jigsaw,Terralith_1.21.x_v2.6.2.jar
terralith:underground/old_refinery,terralith:underground,settlements,settlement,beard_box,minecraft:jigsaw,Terralith_1.21.x_v2.6.2.jar
terralith:underground/sunken_tower,terralith:underground,settlements,settlement,beard_box,minecraft:jigsaw,Terralith_1.21.x_v2.6.2.jar
terralith:valley_lodge,terralith:regular,settlements,settlement,beard_thin,minecraft:jigsaw,Terralith_1.21.x_v2.6.2.jar
terralith:witch_hut,terralith:regular,settlements,settlement,beard_thin,minecraft:jigsaw,Terralith_1.21.x_v2.6.2.jar
nova_structures:badlands_miner_outpost,nova_structures:badlands_miner_outpost,settlements,settlement,beard_box,minecraft:jigsaw,dungeons-and-taverns-v4.4.4.jar
nova_structures:deepslate_camp,nova_structures:deepslate_camp,settlements,settlement,none,minecraft:jigsaw,dungeons-and-taverns-v4.4.4.jar
nova_structures:firewatch_tower_birch,nova_structures:firewatch_towers,settlements,settlement,beard_box,minecraft:jigsaw,dungeons-and-taverns-v4.4.4.jar
nova_structures:firewatch_tower_cherry,nova_structures:firewatch_towers,settlements,settlement,beard_box,minecraft:jigsaw,dungeons-and-taverns-v4.4.4.jar
nova_structures:firewatch_tower_dark_oak,nova_structures:firewatch_towers,settlements,settlement,beard_box,minecraft:jigsaw,dungeons-and-taverns-v4.4.4.jar
nova_structures:firewatch_tower_forest,nova_structures:firewatch_towers,settlements,settlement,beard_box,minecraft:jigsaw,dungeons-and-taverns-v4.4.4.jar
nova_structures:firewatch_tower_jungle,nova_structures:firewatch_towers,settlements,settlement,beard_box,minecraft:jigsaw,dungeons-and-taverns-v4.4.4.jar
nova_structures:firewatch_tower_mangrove,nova_structures:firewatch_towers,settlements,settlement,beard_box,minecraft:jigsaw,dungeons-and-taverns-v4.4.4.jar
nova_structures:firewatch_tower_savanna,nova_structures:firewatch_towers,settlements,settlement,beard_box,minecraft:jigsaw,dungeons-and-taverns-v4.4.4.jar
nova_structures:firewatch_tower_swamp,nova_structures:firewatch_towers,settlements,settlement,beard_box,minecraft:jigsaw,dungeons-and-taverns-v4.4.4.jar
nova_structures:firewatch_tower_taiga,nova_structures:firewatch_towers,settlements,settlement,beard_box,minecraft:jigsaw,dungeons-and-taverns-v4.4.4.jar
nova_structures:hamlet,nova_structures:nether_structures,settlements,settlement,beard_box,minecraft:jigsaw,dungeons-and-taverns-v4.4.4.jar
nova_structures:nether_keep,nova_structures:nether_structures,settlements,settlement,none,minecraft:jigsaw,dungeons-and-taverns-v4.4.4.jar
nova_structures:nether_port,nova_structures:nether_structures,settlements,settlement,beard_box,minecraft:jigsaw,dungeons-and-taverns-v4.4.4.jar
nova_structures:piglin_donjon,nova_structures:nether_structures,settlements,settlement,none,minecraft:jigsaw,dungeons-and-taverns-v4.4.4.jar
nova_structures:piglin_outstation,nova_structures:nether_structures,settlements,settlement,beard_box,minecraft:jigsaw,dungeons-and-taverns-v4.4.4.jar
nova_structures:ruin_town,nova_structures:ruin_town,settlements,settlement,beard_box,minecraft:jigsaw,dungeons-and-taverns-v4.4.4.jar
nova_structures:tavern_acacia,nova_structures:taverns,settlements,settlement,beard_box,minecraft:jigsaw,dungeons-and-taverns-v4.4.4.jar
nova_structures:tavern_birch,nova_structures:taverns,settlements,settlement,beard_box,minecraft:jigsaw,dungeons-and-taverns-v4.4.4.jar
nova_structures:tavern_cherry,nova_structures:taverns,settlements,settlement,beard_box,minecraft:jigsaw,dungeons-and-taverns-v4.4.4.jar
nova_structures:tavern_dark_oak,nova_structures:taverns,settlements,settlement,beard_box,minecraft:jigsaw,dungeons-and-taverns-v4.4.4.jar
nova_structures:tavern_desert,nova_structures:taverns,settlements,settlement,beard_box,minecraft:jigsaw,dungeons-and-taverns-v4.4.4.jar
nova_structures:tavern_jungle,nova_structures:taverns,settlements,settlement,beard_box,minecraft:jigsaw,dungeons-and-taverns-v4.4.4.jar
nova_structures:tavern_mangrove,nova_structures:taverns,settlements,settlement,beard_box,minecraft:jigsaw,dungeons-and-taverns-v4.4.4.jar
nova_structures:tavern_oak,nova_structures:taverns,settlements,settlement,beard_box,minecraft:jigsaw,dungeons-and-taverns-v4.4.4.jar
nova_structures:tavern_snowy,nova_structures:taverns,settlements,settlement,beard_box,minecraft:jigsaw,dungeons-and-taverns-v4.4.4.jar
nova_structures:tavern_spruce,nova_structures:taverns,settlements,settlement,beard_box,minecraft:jigsaw,dungeons-and-taverns-v4.4.4.jar
nova_structures:tavern_swamp,nova_structures:taverns,settlements,settlement,beard_box,minecraft:jigsaw,dungeons-and-taverns-v4.4.4.jar
nova_structures:underground_house,nova_structures:underground_house,settlements,settlement,none,minecraft:jigsaw,dungeons-and-taverns-v4.4.4.jar
nova_structures:village_birch,nova_structures:villages_birch,settlements,settlement,beard_thin,minecraft:jigsaw,dungeons-and-taverns-v4.4.4.jar
nova_structures:village_jungle,nova_structures:villages_jungle,settlements,settlement,beard_thin,minecraft:jigsaw,dungeons-and-taverns-v4.4.4.jar
nova_structures:village_swamp,nova_structures:villages_swamp,settlements,settlement,beard_thin,minecraft:jigsaw,dungeons-and-taverns-v4.4.4.jar
natures_spirit:village_adobe,minecraft:villages,settlements,settlement,beard_box,minecraft:jigsaw,naturespirit-2.2.5-1.21.1.jar
natures_spirit:village_coconut,minecraft:villages,settlements,settlement,beard_thin,minecraft:jigsaw,naturespirit-2.2.5-1.21.1.jar
natures_spirit:village_cypress,minecraft:villages,settlements,settlement,beard_thin,minecraft:jigsaw,naturespirit-2.2.5-1.21.1.jar
natures_spirit:village_wisteria,minecraft:villages,settlements,settlement,beard_thin,minecraft:jigsaw,naturespirit-2.2.5-1.21.1.jar
towns_and_towers:exclusives/village_classic,towns_and_towers:towns,settlements,settlement,beard_thin,minecraft:jigsaw,t_and_t-neoforge-fabric-1.13.9+1.21.1.jar
towns_and_towers:exclusives/village_iberian,towns_and_towers:towns,settlements,settlement,beard_thin,minecraft:jigsaw,t_and_t-neoforge-fabric-1.13.9+1.21.1.jar
towns_and_towers:exclusives/village_mediterranean,towns_and_towers:towns,settlements,settlement,beard_thin,minecraft:jigsaw,t_and_t-neoforge-fabric-1.13.9+1.21.1.jar
towns_and_towers:exclusives/village_nilotic,towns_and_towers:towns,settlements,settlement,beard_thin,minecraft:jigsaw,t_and_t-neoforge-fabric-1.13.9+1.21.1.jar
towns_and_towers:exclusives/village_piglin,towns_and_towers:towns,settlements,settlement,beard_thin,minecraft:jigsaw,t_and_t-neoforge-fabric-1.13.9+1.21.1.jar
towns_and_towers:exclusives/village_rustic,towns_and_towers:towns,settlements,settlement,beard_thin,minecraft:jigsaw,t_and_t-neoforge-fabric-1.13.9+1.21.1.jar
towns_and_towers:exclusives/village_swedish,towns_and_towers:towns,settlements,settlement,beard_thin,minecraft:jigsaw,t_and_t-neoforge-fabric-1.13.9+1.21.1.jar
towns_and_towers:exclusives/village_tudor,towns_and_towers:towns,settlements,settlement,beard_thin,minecraft:jigsaw,t_and_t-neoforge-fabric-1.13.9+1.21.1.jar
towns_and_towers:exclusives/village_wandering_trader_camp,towns_and_towers:towns,settlements,settlement,beard_thin,minecraft:jigsaw,t_and_t-neoforge-fabric-1.13.9+1.21.1.jar
towns_and_towers:village_badlands,towns_and_towers:towns,settlements,settlement,beard_thin,minecraft:jigsaw,t_and_t-neoforge-fabric-1.13.9+1.21.1.jar
towns_and_towers:village_beach,towns_and_towers:towns,settlements,settlement,beard_thin,minecraft:jigsaw,t_and_t-neoforge-fabric-1.13.9+1.21.1.jar
towns_and_towers:village_birch_forest,towns_and_towers:towns,settlements,settlement,beard_thin,minecraft:jigsaw,t_and_t-neoforge-fabric-1.13.9+1.21.1.jar
towns_and_towers:village_flower_forest,towns_and_towers:towns,settlements,settlement,beard_thin,minecraft:jigsaw,t_and_t-neoforge-fabric-1.13.9+1.21.1.jar
towns_and_towers:village_forest,towns_and_towers:towns,settlements,settlement,beard_thin,minecraft:jigsaw,t_and_t-neoforge-fabric-1.13.9+1.21.1.jar
towns_and_towers:village_grove,towns_and_towers:towns,settlements,settlement,beard_thin,minecraft:jigsaw,t_and_t-neoforge-fabric-1.13.9+1.21.1.jar
towns_and_towers:village_jungle,towns_and_towers:towns,settlements,settlement,beard_thin,minecraft:jigsaw,t_and_t-neoforge-fabric-1.13.9+1.21.1.jar
towns_and_towers:village_meadow,towns_and_towers:towns,settlements,settlement,beard_thin,minecraft:jigsaw,t_and_t-neoforge-fabric-1.13.9+1.21.1.jar
towns_and_towers:village_mushroom_fields,towns_and_towers:towns,settlements,settlement,beard_thin,minecraft:jigsaw,t_and_t-neoforge-fabric-1.13.9+1.21.1.jar
towns_and_towers:village_ocean,towns_and_towers:towns,settlements,settlement,none,minecraft:jigsaw,t_and_t-neoforge-fabric-1.13.9+1.21.1.jar
towns_and_towers:village_old_growth_taiga,towns_and_towers:towns,settlements,settlement,beard_thin,minecraft:jigsaw,t_and_t-neoforge-fabric-1.13.9+1.21.1.jar
towns_and_towers:village_savanna_plateau,towns_and_towers:towns,settlements,settlement,beard_thin,minecraft:jigsaw,t_and_t-neoforge-fabric-1.13.9+1.21.1.jar
towns_and_towers:village_snowy_slopes,towns_and_towers:towns,settlements,settlement,beard_thin,minecraft:jigsaw,t_and_t-neoforge-fabric-1.13.9+1.21.1.jar
towns_and_towers:village_snowy_taiga,towns_and_towers:towns,settlements,settlement,beard_thin,minecraft:jigsaw,t_and_t-neoforge-fabric-1.13.9+1.21.1.jar
towns_and_towers:village_sparse_jungle,towns_and_towers:towns,settlements,settlement,beard_thin,minecraft:jigsaw,t_and_t-neoforge-fabric-1.13.9+1.21.1.jar
towns_and_towers:village_sunflower_plains,towns_and_towers:towns,settlements,settlement,beard_thin,minecraft:jigsaw,t_and_t-neoforge-fabric-1.13.9+1.21.1.jar
towns_and_towers:village_swamp,towns_and_towers:towns,settlements,settlement,beard_thin,minecraft:jigsaw,t_and_t-neoforge-fabric-1.13.9+1.21.1.jar
towns_and_towers:village_wooded_badlands,towns_and_towers:towns,settlements,settlement,beard_thin,minecraft:jigsaw,t_and_t-neoforge-fabric-1.13.9+1.21.1.jar
minecraft:swamp_hut,minecraft:swamp_huts,settlements,settlement,none,minecraft:swamp_hut,vanilla
minecraft:village_desert,minecraft:villages,settlements,settlement,beard_thin,minecraft:jigsaw,vanilla
minecraft:village_plains,minecraft:villages,settlements,settlement,beard_thin,minecraft:jigsaw,vanilla
minecraft:village_savanna,minecraft:villages,settlements,settlement,beard_thin,minecraft:jigsaw,vanilla
minecraft:village_snowy,minecraft:villages,settlements,settlement,beard_thin,minecraft:jigsaw,vanilla
minecraft:village_taiga,minecraft:villages,settlements,settlement,beard_thin,minecraft:jigsaw,vanilla
dungeons_arise:giant_mushroom,,,,none,minecraft:jigsaw,DungeonsArise-1.21.1-2.1.68-fabric-release.jar
dungeons_arise:mining_system,,,,bury,minecraft:jigsaw,DungeonsArise-1.21.1-2.1.68-fabric-release.jar
mvs:dead_tree_spruce,,,,beard_thin,moogs_structures:moogs_structures_generic_jigsaw_structure,MoogsVoyagerStructures-1.21-5.0.14.jar
mvs:desert_well,,,,beard_thin,moogs_structures:moogs_structures_generic_jigsaw_structure,MoogsVoyagerStructures-1.21-5.0.14.jar
mvs:snowy_well,,,,beard_thin,moogs_structures:moogs_structures_generic_jigsaw_structure,MoogsVoyagerStructures-1.21-5.0.14.jar
terralith:underground/witch_hut,,,,beard_thin,minecraft:jigsaw,Terralith_1.21.x_v2.6.2.jar
terralith:underground_cabin,,,,beard_box,minecraft:jigsaw,Terralith_1.21.x_v2.6.2.jar
adventure:exit_shrine,adventure:exit_shrines,,,beard_thin,minecraft:jigsaw,customdimensions.jar
ddd:major_dungeon_desert,,,,none,minecraft:jigsaw,deadly-deadly-dungeon-1.0.4.jar
ddd:major_dungeon_frozen,,,,none,minecraft:jigsaw,deadly-deadly-dungeon-1.0.4.jar
ddd:major_dungeon_plains,,,,none,minecraft:jigsaw,deadly-deadly-dungeon-1.0.4.jar
